Id,OpportunityId,ContactId,Role,CreatedDate,CreatedById,LastModifiedDate,LastModifiedById,SystemModstamp,IsDeleted
00K1R00000Sd5CdUAJ,0061R00000klfqeQAA,0031R00001uoR0QQAU,,2018-10-22,0053600000D5c3CAAR,2018-10-22,0053600000D5c3CAAR,10/22/18 13:05,0
00K1R00000Sd5uuUAB,0061R00000klgwKQAQ,0031R00001uoSM0QAM,,2018-10-22,0053600000D5mROAAZ,2018-10-22,0053600000D5mROAAZ,10/22/18 16:04,0
00K1R00000Sd7uNUAR,0061R00000klk8hQAA,0031R00001uoXxBQAU,,2018-10-22,0053600000D5mROAAZ,2018-10-22,0053600000D5mROAAZ,10/22/18 18:38,0
00K1R00000SdJS6UAN,0061R00000km8buQAA,0031R00001uprjNQAQ,,2018-10-24,0053600000D60MTAAZ,2018-10-24,0053600000D60MTAAZ,10/24/18 21:59,0
00K1R00000SdPOeUAN,0061R00000kmNTRQA2,0031R00001uqnZRQAY,,2018-10-26,00536000008Ge5aAAC,2018-10-26,00536000008Ge5aAAC,10/26/18 22:52,0
00K1R00000SdTe7UAF,0061R00000kmaR5QAI,0031R00001vPm3iQAC,,2018-10-29,00536000008Ge5aAAC,2018-10-29,00536000008Ge5aAAC,10/29/18 22:53,0
00K1R00000SdTl3UAF,0061R00000kmaeFQAQ,0033600001tNg7QAAS,,2018-10-29,00536000006DI2SAAW,2018-10-29,00536000006DI2SAAW,10/29/18 23:36,0
00K1R00000SdTx4UAF,0061R00000kmblVQAQ,0031R00001vPngTQAS,,2018-10-30,0053600000D5bx4AAB,2018-10-30,0053600000D5bx4AAB,10/30/18 4:09,0
00K1R00000SdTxTUAV,0061R00000kmbmLQAQ,0031R00001vPnhqQAC,,2018-10-30,0053600000D5bx4AAB,2018-10-30,0053600000D5bx4AAB,10/30/18 4:18,0
00K1R00000SdTxYUAV,0061R00000kmbmQQAQ,0031R00001vPniFQAS,,2018-10-30,0053600000D5bx4AAB,2018-10-30,0053600000D5bx4AAB,10/30/18 4:20,0
00K1R00000SdXllUAF,0061R00000kmkvWQAQ,0031R00001vQ2AUQA0,,2018-10-31,0053600000D6H6NAAV,2018-10-31,0053600000D6H6NAAV,10/31/18 12:51,0
00K1R00000SdyXWUAZ,0063600000kGsOjAAK,0031R00001upkTAQAY,Evaluator,2018-11-06,00536000006DI2SAAW,2018-11-06,00536000006DI2SAAW,11/6/18 23:33,0
00K1R00000Se5xqUAB,0061R00000kme5FQAQ,0031R00001upsacQAA,Technical Buyer,2018-11-08,00536000006DZLrAAO,2018-11-08,00536000006DZLrAAO,11/8/18 18:45,0
00K1R00000Se5yFUAR,0061R00000kmbmVQAQ,0033600001tKc0NAAS,Decision Maker,2018-11-08,00536000006DZLrAAO,2018-11-08,00536000006DZLrAAO,11/8/18 18:47,0
00K1R00000Se65uUAB,0063600000kGmKVAA0,0033600001s8MLfAAM,Technical Buyer,2018-11-08,00536000006DZLrAAO,2018-11-08,00536000006DZLrAAO,11/8/18 19:31,0
00K1R00000Se6fnUAB,0061R00000knqOqQAI,0031R00001vR8RHQA0,,2018-11-08,0053600000D5bx4AAB,2018-11-08,0053600000D5bx4AAB,11/8/18 21:45,0
00K1R00000Se9k7UAB,0061R00000knwT0QAI,0031R00001vRLI3QAO,,2018-11-09,0053600000D5bx4AAB,2018-11-09,0053600000D5bx4AAB,11/9/18 22:51,0
00K1R00000SeEFnUAN,0061R00000ko6s5QAA,0031R00001vRlHRQA0,,2018-11-12,0053600000D5bx4AAB,2018-11-12,0053600000D5bx4AAB,11/12/18 21:57,0
00K1R00000SeEG2UAN,0061R00000ko6sFQAQ,0031R00001vRlHbQAK,,2018-11-12,0053600000D5bx4AAB,2018-11-12,0053600000D5bx4AAB,11/12/18 21:57,0
00K1R00000SeMGZUA3,0061R00000koJaBQAU,0031R00001vS9WcQAK,,2018-11-14,0053600000D5bx4AAB,2018-11-14,0053600000D5bx4AAB,11/14/18 17:31,0
00K1R00000SeMisUAF,0061R00000koKbrQAE,0031R00001vSAbKQAW,,2018-11-14,00536000008Ge5aAAC,2018-11-14,00536000008Ge5aAAC,11/14/18 19:10,0
00K1R00000SeMkZUAV,0061R00000koKftQAE,0031R00001vSAmyQAG,,2018-11-14,00536000008Ge5aAAC,2018-11-14,00536000008Ge5aAAC,11/14/18 19:15,0
00K1R00000SeMsiUAF,0061R00000lQ6KdQAK,0031R00001vSBTkQAO,,2018-11-14,00536000008Ge5aAAC,2018-11-14,00536000008Ge5aAAC,11/14/18 19:41,0
00K1R00000SeMxJUAV,0061R00000lQ6TQQA0,0031R00001vSBhDQAW,,2018-11-14,00536000008Ge5aAAC,2018-11-14,00536000008Ge5aAAC,11/14/18 19:53,0
00K1R00000SeMy7UAF,0061R00000lQ6UxQAK,0031R00001vSBj9QAG,,2018-11-14,00536000008Ge5aAAC,2018-11-14,00536000008Ge5aAAC,11/14/18 19:55,0
00K1R00000SeN1VUAV,0061R00000lQ6buQAC,0031R00001vSBpNQAW,,2018-11-14,00536000008Ge5aAAC,2018-11-14,00536000008Ge5aAAC,11/14/18 20:02,0
00K1R00000SeNEKUA3,0061R00000lQ7GpQAK,0031R00001vSC6ZQAW,,2018-11-14,00536000008Ge5aAAC,2018-11-14,00536000008Ge5aAAC,11/14/18 20:24,0
00K1R00000SeNFIUA3,0061R00000lQ7J5QAK,0031R00001vSC8QQAW,,2018-11-14,00536000008Ge5aAAC,2018-11-14,00536000008Ge5aAAC,11/14/18 20:27,0
00K1R00000SeNGBUA3,0061R00000lQ7LzQAK,0031R00001vSCAHQA4,,2018-11-14,00536000008Ge5aAAC,2018-11-14,00536000008Ge5aAAC,11/14/18 20:31,0
00K36000003G5NcEAK,00636000006VOITAA4,0033600000BKNyeAAH,,2016-04-27,00536000001f53BAAQ,2016-04-27,00536000001f53BAAQ,4/27/16 10:01,0
00K36000003JVdoEAG,00636000006rZq7AAE,0033600000ChoKRAAZ,Decision Maker,2016-05-06,00536000001f53BAAQ,2016-05-06,00536000001f53BAAQ,5/6/16 12:22,0
00K36000003JVdpEAG,00636000006rZq7AAE,0033600000ChobxAAB,Decision Maker,2016-05-06,00536000001f53BAAQ,2016-05-06,00536000001f53BAAQ,5/6/16 12:22,0
00K3600000KjOqDEAV,0063600000TBWEOAA5,0033600001KFilsAAD,Decision Maker,2017-10-09,00536000006CbBOAA0,2017-10-13,00536000006CbBOAA0,10/13/17 4:22,0
00K3600000KjQhhEAF,0063600000TBXxxAAH,0033600001KFlerAAD,Decision Maker,2017-10-09,00536000006CcuAAAS,2018-09-27,00536000006DZLrAAO,9/27/18 23:14,0
00K3600000KjQhiEAF,0063600000TBXxxAAH,0033600001KFo8NAAT,Evaluator,2017-10-09,00536000006CcuAAAS,2018-09-27,00536000006DZLrAAO,9/27/18 23:14,0
00K3600000KjRKPEA3,0063600000TBZLAAA5,0033600001KFrosAAD,,2017-10-10,00536000006CbBOAA0,2017-10-10,00536000006CbBOAA0,10/10/17 3:14,0
00K3600000KjfW5EAJ,0063600000TBgSPAA1,0033600001KFr1EAAT,Evaluator,2017-10-10,00536000006CcuAAAS,2017-10-10,00536000006CcuAAAS,10/10/17 20:44,0
00K3600000KjfW6EAJ,0063600000TBgSPAA1,0033600001KFr2HAAT,Decision Maker,2017-10-10,00536000006CcuAAAS,2017-10-10,00536000006CcuAAAS,10/10/17 20:44,0
00K3600000KjfW7EAJ,0063600000TBgSPAA1,0033600001KFr0WAAT,Decision Maker,2017-10-10,00536000006CcuAAAS,2017-10-10,00536000006CcuAAAS,10/10/17 20:44,0
00K3600000KjfWeEAJ,0063600000TBgULAA1,0033600001KFr1EAAT,Evaluator,2017-10-10,00536000006CcuAAAS,2017-10-10,00536000006CcuAAAS,10/10/17 20:47,0
00K3600000KjfWfEAJ,0063600000TBgULAA1,0033600001KFr2HAAT,Decision Maker,2017-10-10,00536000006CcuAAAS,2017-10-10,00536000006CcuAAAS,10/10/17 20:47,0
00K3600000KjfWgEAJ,0063600000TBgULAA1,0033600001KFr0WAAT,Decision Maker,2017-10-10,00536000006CcuAAAS,2017-10-10,00536000006CcuAAAS,10/10/17 20:47,0
00K3600000KjfZdEAJ,0063600000TBgbYAAT,0033600001KFoCpAAL,Decision Maker,2017-10-10,00536000006CcuAAAS,2017-10-10,00536000006CcuAAAS,10/10/17 20:58,0
00K3600000KjftYEAR,0063600000TBhCRAA1,0033600001KjyyAAAR,Decision Maker,2017-10-10,00536000006CcuAAAS,2017-10-10,00536000006CcuAAAS,10/10/17 22:22,0
00K3600000KjftZEAR,0063600000TBhCRAA1,0033600001KjyzhAAB,Evaluator,2017-10-10,00536000006CcuAAAS,2017-10-10,00536000006CcuAAAS,10/10/17 22:22,0
00K3600000KjfuHEAR,0063600000TBhGDAA1,0033600001KFp3XAAT,Decision Maker,2017-10-10,00536000006CcuAAAS,2017-10-10,00536000006CcuAAAS,10/10/17 22:25,0
00K3600000KjfvAEAR,0063600000TBhHQAA1,0033600001Kjz6sAAB,Evaluator,2017-10-10,00536000006CcuAAAS,2017-10-10,00536000006CcuAAAS,10/10/17 22:30,0
00K3600000Kjg3JEAR,0063600000TBhA1AAL,0033600001KFqNAAA1,Decision Maker,2017-10-10,00536000006CcuAAAS,2018-06-29,00536000006CfnPAAS,6/29/18 9:06,0
00K3600000Kk76AEAR,0063600000TBWEOAA5,0033600001KlQX6AAN,Decision Maker,2017-10-13,00536000006CbBOAA0,2018-05-25,00536000006CbBOAA0,5/25/18 20:48,0
00K3600000KlCcSEAV,0063600000TCL7WAAX,0033600001KkcQaAAJ,Economic Buyer,2017-10-17,00536000006CbBOAA0,2017-10-17,00536000006CbBOAA0,10/17/17 21:15,0
00K3600000KlJ4qEAF,00636000005fai3AAA,0033600001KFrn1AAD,Evaluator,2017-10-18,00536000006CbBOAA0,2017-10-18,00536000006CbBOAA0,10/18/17 19:52,0
00K3600000KlJ4rEAF,00636000005fai3AAA,0033600001KFrnuAAD,Evaluator,2017-10-18,00536000006CbBOAA0,2017-10-18,00536000006CbBOAA0,10/18/17 19:52,0
00K3600000KlJ4sEAF,00636000005fai3AAA,0033600001KFrmdAAD,Decision Maker,2017-10-18,00536000006CbBOAA0,2017-10-18,00536000006CbBOAA0,10/18/17 19:52,0
00K3600000ME49tEAD,0063600000U4FZOAA3,0033600001KFozJAAT,Executive Sponsor,2017-11-07,00536000006CbBOAA0,2018-02-28,00536000006DdI0AAK,2/28/18 13:58,0
00K3600000ME4BuEAL,0063600000U4FZOAA3,0033600001MxnWuAAJ,Technical Buyer,2017-11-07,00536000006CbBOAA0,2018-02-28,00536000006DdI0AAK,2/28/18 13:58,0
00K3600000ME4BzEAL,0063600000U4FZOAA3,0033600001MxnZUAAZ,Influencer,2017-11-07,00536000006CbBOAA0,2018-02-28,00536000006DdI0AAK,2/28/18 13:58,0
00K3600000MYSwfEAH,0063600000UyujZAAR,0033600001R71HyAAJ,Influencer,2017-11-17,00536000006DdI0AAK,2018-03-05,00536000006DdI0AAK,3/5/18 17:36,0
00K3600000MYSxOEAX,0063600000U4snfAAB,0033600001R71LHAAZ,,2017-11-17,00536000006DdI0AAK,2017-11-17,00536000006DdI0AAK,11/17/17 15:50,0
00K3600000MYSxYEAX,0063600000U4snfAAB,0033600001R71L2AAJ,,2017-11-17,00536000006DdI0AAK,2017-11-17,00536000006DdI0AAK,11/17/17 15:50,0
00K3600000MYSxZEAX,0063600000U4snfAAB,0033600001R71KTAAZ,Decision Maker,2017-11-17,00536000006DdI0AAK,2018-09-27,00536000006DZLrAAO,9/27/18 22:58,0
00K3600000MYThHEAX,0063600000UyujZAAR,0033600001R7HPkAAN,Decision Maker,2017-11-17,00536000006DdI0AAK,2018-03-05,00536000006DdI0AAK,3/5/18 17:36,0
00K3600000MYThbEAH,0063600000UyujZAAR,0033600001R7H61AAF,Influencer,2017-11-17,00536000006DdI0AAK,2018-03-05,00536000006DdI0AAK,3/5/18 17:36,0
00K3600000MZLA7EAP,0063600000V028uAAB,0033600001R9qFBAAZ,Influencer,2017-11-28,00536000006DdI0AAK,2017-11-28,00536000006DdI0AAK,11/28/17 23:10,0
00K3600000MZLBPEA5,0063600000V028uAAB,0033600001R9qGdAAJ,Influencer,2017-11-28,00536000006DdI0AAK,2017-11-28,00536000006DdI0AAK,11/28/17 23:10,0
00K3600000MZPDZEA5,0063600000V08ZTAAZ,0033600001R9mckAAB,Influencer,2017-11-29,00536000006DdI0AAK,2017-11-29,00536000006DdI0AAK,11/29/17 14:21,0
00K3600000MZPDeEAP,0063600000V08ZTAAZ,0033600001R9mdcAAB,Decision Maker,2017-11-29,00536000006DdI0AAK,2017-11-29,00536000006DdI0AAK,11/29/17 14:21,0
00K3600000MZSyEEAX,0063600000V0GWfAAN,0033600001SBIXoAAP,,2017-11-29,00536000006DdI0AAK,2017-11-29,00536000006DdI0AAK,11/29/17 22:00,0
00K3600000MZsnHEAT,0063600000V1S8NAAV,0033600001SClyFAAT,Influencer,2017-12-05,00536000006DdI0AAK,2018-01-23,00536000006DdI0AAK,1/23/18 2:42,0
00K3600000MZsoKEAT,0063600000V1SAJAA3,0033600001SCdA2AAL,Evaluator,2017-12-05,00536000006DdI0AAK,2018-03-11,00536000006DdI0AAK,3/11/18 13:09,0
00K3600000MZsojEAD,0063600000V1SAJAA3,0033600001SCw1IAAT,Evaluator,2017-12-05,00536000006DdI0AAK,2018-03-11,00536000006DdI0AAK,3/11/18 13:09,0
00K3600000MZsokEAD,0063600000V1SAJAA3,0033600001SCd8BAAT,Influencer,2017-12-05,00536000006DdI0AAK,2018-03-11,00536000006DdI0AAK,3/11/18 13:09,0
00K3600000MZz8yEAD,0063600000V1SFBAA3,0033600001SCwCIAA1,Influencer,2017-12-06,00536000006DdI0AAK,2018-09-18,00536000006DZLrAAO,9/18/18 20:23,0
00K3600000MaDVlEAN,0063600000V1S8NAAV,0033600001SDtqcAAD,Decision Maker,2017-12-08,00536000006DdI0AAK,2018-01-23,00536000006DdI0AAK,1/23/18 2:42,0
00K3600000MaYNsEAN,0063600000VrLSXAA3,0033600001SEOcYAAX,,2017-12-13,00536000006DdI0AAK,2017-12-13,00536000006DdI0AAK,12/13/17 14:40,0
00K3600000MabLkEAJ,0063600000VrSHgAAN,0033600001TCfkAAAT,Influencer,2017-12-13,00536000006DdI0AAK,2018-01-31,00536000006DdI0AAK,1/31/18 22:54,0
00K3600000MadwJEAR,0063600000Vrh3WAAR,0033600001TCqkeAAD,,2017-12-14,00536000006CfnPAAS,2017-12-14,00536000006CfnPAAS,12/14/17 8:49,0
00K3600000MadyKEAR,0063600000VrhQrAAJ,0033600001TCr3wAAD,,2017-12-14,00536000006CfnPAAS,2017-12-14,00536000006CfnPAAS,12/14/17 9:07,0
00K3600000MarV7EAJ,0063600000VsPH4AAN,0033600001TDJBNAA5,Influencer,2017-12-18,00536000006DdI0AAK,2018-10-11,00536000006DdI0AAK,10/11/18 12:33,0
00K3600000MardQEAR,0063600000VsPH4AAN,0033600001TDJAUAA5,Influencer,2017-12-18,00536000006DdI0AAK,2018-10-11,00536000006DdI0AAK,10/11/18 12:33,0
00K3600000MardREAR,0063600000VsPH4AAN,0033600001TDJ9HAAX,Influencer,2017-12-18,00536000006DdI0AAK,2018-10-11,00536000006DdI0AAK,10/11/18 12:33,0
00K3600000MardSEAR,0063600000VsPH4AAN,0033600001TDpTKAA1,Decision Maker,2017-12-18,00536000006DdI0AAK,2018-10-11,00536000006DdI0AAK,10/11/18 12:33,0
00K3600000MayCvEAJ,0063600000V1SFBAA3,0033600001TEWkLAAX,Influencer,2017-12-19,00536000006DdI0AAK,2018-09-18,00536000006DZLrAAO,9/18/18 20:23,0
00K3600000MbIhKEAV,0063600000VtMcKAAV,0033600001TFSAFAA5,,2017-12-22,00536000006DdI0AAK,2017-12-22,00536000006DdI0AAK,12/22/17 14:18,0
00K3600000NUdMhEAL,0063600000Vv4xeAAB,0033600001UMm1yAAD,Influencer,2018-01-02,00536000006DdI0AAK,2018-01-12,00536000006DdI0AAK,1/12/18 3:00,0
00K3600000NUlyKEAT,0063600000WXBopAAH,0033600001UNak0AAD,,2018-01-03,00536000006DdI0AAK,2018-01-03,00536000006DdI0AAK,1/3/18 22:45,0
00K3600000NUwUkEAL,0063600000WXZAdAAP,0033600001SCxnKAAT,Decision Maker,2018-01-05,00536000006DdI0AAK,2018-04-16,00536000006DdI0AAK,4/16/18 14:12,0
00K3600000NVHWSEA5,0063600000WYLCLAA5,0033600001Kk0fJAAR,,2018-01-10,00536000006CbBOAA0,2018-01-10,00536000006CbBOAA0,1/10/18 3:11,0
00K3600000NVKgpEAH,0063600000V1S8NAAV,0033600001VB6t4AAD,Influencer,2018-01-10,00536000006DdI0AAK,2018-01-23,00536000006DdI0AAK,1/23/18 2:42,0
00K3600000NVRbHEAX,0063600000Vv4xeAAB,0033600001VBivAAAT,Influencer,2018-01-12,00536000006DdI0AAK,2018-01-12,00536000006DdI0AAK,1/12/18 3:00,0
00K3600000NVaqfEAD,0063600000WZ918AAD,0033600001VCd9QAAT,,2018-01-15,00536000006CfnPAAS,2018-01-15,00536000006CfnPAAS,1/15/18 15:19,0
00K3600000NVarsEAD,0063600000WZ96LAAT,0033600001VCdF9AAL,,2018-01-15,00536000006CfnPAAS,2018-01-15,00536000006CfnPAAS,1/15/18 15:23,0
00K3600000NVlRQEA1,0063600000WZfzpAAD,0033600001VDaapAAD,Decision Maker,2018-01-17,00536000006DdI0AAK,2018-02-21,00536000006DdI0AAK,2/21/18 21:53,0
00K3600000NVlRzEAL,0063600000WZg1MAAT,0033600001VDaeDAAT,,2018-01-17,00536000006DdI0AAK,2018-01-17,00536000006DdI0AAK,1/17/18 16:15,0
00K3600000NW1aYEAT,0063600000WaWSNAA3,0033600001WF4WjAAL,,2018-01-22,00536000006CfnPAAS,2018-01-22,00536000006CfnPAAS,1/22/18 15:38,0
00K3600000NW5iMEAT,0063600000V1S8NAAV,0033600001WFYbRAAX,Evaluator,2018-01-23,00536000006DdI0AAK,2018-01-23,00536000006DdI0AAK,1/23/18 2:42,0
00K3600000NWJhcEAH,0063600000WbAWCAA3,0033600001WGgwRAAT,,2018-01-25,00536000006DdI0AAK,2018-01-25,00536000006DdI0AAK,1/25/18 13:23,0
00K3600000NWW0CEAX,0063600000X5NpmAAF,0033600001UMm1yAAD,,2018-01-29,00536000006DdI0AAK,2018-01-29,00536000006DdI0AAK,1/29/18 17:40,0
00K3600000NWjwYEAT,0063600000U4FZOAA3,0033600001WopYHAAZ,Influencer,2018-01-31,00536000006DdI0AAK,2018-02-28,00536000006DdI0AAK,2/28/18 13:58,0
00K3600000NWljHEAT,0063600000VrSHgAAN,0033600001Woxp8AAB,Technical Buyer,2018-01-31,00536000006DdI0AAK,2018-01-31,00536000006DdI0AAK,1/31/18 22:54,0
00K3600000NWljIEAT,0063600000VrSHgAAN,0033600001WoxjcAAB,Influencer,2018-01-31,00536000006DdI0AAK,2018-01-31,00536000006DdI0AAK,1/31/18 22:54,0
00K3600000NXI6REAX,0063600000X6yFuAAJ,0033600001XoBLPAA3,Evaluator,2018-02-07,00536000006DdI0AAK,2018-05-31,00536000006DdI0AAK,5/31/18 13:18,0
00K3600000NXPaiEAH,0063600000X7DkMAAV,0033600001Y09wdAAB,,2018-02-08,00536000008H3MsAAK,2018-02-08,00536000008H3MsAAK,2/8/18 21:10,0
00K3600000NXaPvEAL,0063600000X7hGoAAJ,0033600001Y33zCAAR,,2018-02-12,00536000006CfnPAAS,2018-02-12,00536000006CfnPAAS,2/12/18 8:22,0
00K3600000NXaQ5EAL,0063600000X7hHNAAZ,0033600001Y340PAAR,,2018-02-12,00536000006CfnPAAS,2018-02-12,00536000006CfnPAAS,2/12/18 8:29,0
00K3600000NXaQFEA1,0063600000X7hHhAAJ,0033600001Y34ERAAZ,,2018-02-12,00536000006CfnPAAS,2018-02-12,00536000006CfnPAAS,2/12/18 8:33,0
00K3600000NXaQZEA1,0063600000X7hIDAAZ,0033600001Y34JYAAZ,,2018-02-12,00536000006CfnPAAS,2018-02-12,00536000006CfnPAAS,2/12/18 8:41,0
00K3600000NXcFYEA1,0063600000X7lohAAB,0033600001Y3EwqAAF,Technical Buyer,2018-02-12,00536000006DI2SAAW,2018-04-27,00536000006DI2SAAW,4/27/18 4:27,0
00K3600000OII8bEAH,0063600000afCLeAAM,0033600001YUhuzAAD,,2018-02-20,00536000008H3MsAAK,2018-02-20,00536000008H3MsAAK,2/20/18 14:16,0
00K3600000OINBGEA5,0063600000afPjPAAU,0033600001YVZeHAAX,,2018-02-21,00536000008H3MsAAK,2018-02-21,00536000008H3MsAAK,2/21/18 14:30,0
00K3600000OIPooEAH,0063600000WZfzpAAD,0033600001YVgQXAA1,Influencer,2018-02-21,00536000006DdI0AAK,2018-02-21,00536000006DdI0AAK,2/21/18 21:53,0
00K3600000OIPvpEAH,0063600000X6yFuAAJ,0033600001YVmoIAAT,Evaluator,2018-02-21,00536000006DdI0AAK,2018-05-31,00536000006DdI0AAK,5/31/18 13:18,0
00K3600000OISMiEAP,0063600000V1SAJAA3,0033600001YW8sGAAT,Influencer,2018-02-22,00536000006DdI0AAK,2018-03-11,00536000006DdI0AAK,3/11/18 13:09,0
00K3600000OISMjEAP,0063600000V1SAJAA3,0033600001XoC3tAAF,Decision Maker,2018-02-22,00536000006DdI0AAK,2018-03-11,00536000006DdI0AAK,3/11/18 13:09,0
00K3600000OIXeQEAX,0063600000afs9gAAA,0033600001YTICNAA5,Decision Maker,2018-02-23,00536000006DdI0AAK,2018-03-23,00536000006DdI0AAK,3/23/18 13:47,0
00K3600000OIlttEAD,0063600000agNlFAAU,0033600001ZA9QMAA1,,2018-02-26,00536000008H3MsAAK,2018-02-26,00536000008H3MsAAK,2/26/18 19:54,0
00K3600000OImwZEAT,0063600000agOtFAAU,0033600001ZA9e9AAD,,2018-02-26,00536000008H3MsAAK,2018-02-26,00536000008H3MsAAK,2/26/18 20:02,0
00K3600000OIwZkEAL,0063600000U4FZOAA3,0033600001ZAiYRAA1,Influencer,2018-02-28,00536000006DdI0AAK,2018-02-28,00536000006DdI0AAK,2/28/18 13:58,0
00K3600000OJAivEAH,0063600000ahPp3AAE,0033600001YUhfVAAT,,2018-03-02,00536000006DdI0AAK,2018-03-02,00536000006DdI0AAK,3/2/18 16:51,0
00K3600000OJB3KEAX,0063600000ahPkmAAE,0033600001ZBRiUAAX,Influencer,2018-03-02,00536000006DdI0AAK,2018-03-12,00536000006DdI0AAK,3/12/18 13:44,0
00K3600000OJL8tEAH,0063600000UyujZAAR,0033600001WnsOZAAZ,Influencer,2018-03-05,00536000006DdI0AAK,2018-03-05,00536000006DdI0AAK,3/5/18 17:36,0
00K3600000OJL9hEAH,0063600000UyujZAAR,0033600001ZC6iFAAT,Economic Buyer,2018-03-05,00536000006DdI0AAK,2018-03-05,00536000006DdI0AAK,3/5/18 17:36,0
00K3600000OJqgIEAT,0063600000V1SAJAA3,0033600001az2BWAAY,Influencer,2018-03-11,00536000006DdI0AAK,2018-03-11,00536000006DdI0AAK,3/11/18 13:09,0
00K3600000OJqgJEAT,0063600000V1SAJAA3,0033600001az2BCAAY,Influencer,2018-03-11,00536000006DdI0AAK,2018-03-11,00536000006DdI0AAK,3/11/18 13:09,0
00K3600000OJqgKEAT,0063600000V1SAJAA3,0033600001az2BlAAI,Influencer,2018-03-11,00536000006DdI0AAK,2018-03-11,00536000006DdI0AAK,3/11/18 13:09,0
00K3600000OJt0KEAT,0063600000ahPkmAAE,0033600001azD7FAAU,Influencer,2018-03-12,00536000006DdI0AAK,2018-03-12,00536000006DdI0AAK,3/12/18 13:44,0
00K3600000OJt0LEAT,0063600000ahPkmAAE,0033600001azD5sAAE,Influencer,2018-03-12,00536000006DdI0AAK,2018-03-12,00536000006DdI0AAK,3/12/18 13:44,0
00K3600000OJzAiEAL,0063600000dutm3AAA,0033600001azfRRAAY,Evaluator,2018-03-13,00536000006DI2SAAW,2018-04-27,00536000006DI2SAAW,4/27/18 4:02,0
00K3600000OK374EAD,0063600000dv5g0AAA,0033600001azvW4AAI,,2018-03-14,00536000008H3MsAAK,2018-03-14,00536000008H3MsAAK,3/14/18 15:44,0
00K3600000OK8A8EAL,0063600000dvKTBAA2,0033600001b0UEdAAM,,2018-03-15,00536000006CbBOAA0,2018-03-15,00536000006CbBOAA0,3/15/18 16:07,0
00K3600000OKBtkEAH,0063600000dvW8SAAU,0033600001b0jM7AAI,Influencer,2018-03-16,00536000006DI2SAAW,2018-06-14,00536000006DI2SAAW,6/14/18 3:53,0
00K3600000OKIY0EAP,0063600000afs9gAAA,0033600001b1Px8AAE,Influencer,2018-03-19,00536000006DdI0AAK,2018-03-23,00536000006DdI0AAK,3/23/18 13:47,0
00K3600000OKImvEAH,0063600000WXZAdAAP,0033600001b1R79AAE,Influencer,2018-03-19,00536000006DdI0AAK,2018-04-16,00536000006DdI0AAK,4/16/18 14:12,0
00K3600000OKZbVEAX,0063600000dwIc2AAE,0033600001b2dpEAAQ,,2018-03-22,00536000008H3MsAAK,2018-03-22,00536000008H3MsAAK,3/22/18 19:52,0
00K3600000OKe7BEAT,0063600000afs9gAAA,0033600001cOnI4AAK,Evaluator,2018-03-23,00536000006DdI0AAK,2018-03-23,00536000006DdI0AAK,3/23/18 13:47,0
00K3600000OKohnEAD,0063600000dwgqZAAQ,0033600001cPaRyAAK,,2018-03-26,00536000008H3MsAAK,2018-03-26,00536000008H3MsAAK,3/26/18 17:43,0
00K3600000OKxmSEAT,0063600000V1SFBAA3,0033600001cPxjJAAS,Other,2018-03-27,00536000006DdI0AAK,2018-09-18,00536000006DZLrAAO,9/18/18 20:23,0
00K3600000OL2NIEA1,0063600000dx5ChAAI,0033600001cPqaxAAC,Decision Maker,2018-03-28,00536000006DdI0AAK,2018-09-28,00536000006DZLrAAO,9/28/18 0:32,0
00K3600000OLFidEAH,0063600000VsPH4AAN,0033600001cQzhMAAS,Evaluator,2018-03-30,00536000006DdI0AAK,2018-10-11,00536000006DdI0AAK,10/11/18 12:33,0
00K3600000OLXt0EAH,0063600000dy029AAA,0033600001cRqUMAA0,,2018-04-03,00536000006CfnPAAS,2018-04-03,00536000006CfnPAAS,4/3/18 11:20,0
00K3600000OLXv1EAH,0063600000dy0NHAAY,0033600001KjyyAAAR,,2018-04-03,00536000006CfnPAAS,2018-04-03,00536000006CfnPAAS,4/3/18 12:11,0
00K3600000OLe86EAD,0063600000dy8heAAA,0033600001cS44DAAS,Business User,2018-04-03,00536000008H3MsAAK,2018-06-05,00536000008H3MsAAK,6/5/18 16:51,0
00K3600000OLgqAEAT,0063600000dyE5tAAE,0033600001cSGfVAAW,Other,2018-04-04,00536000008H3MsAAK,2018-06-05,00536000008H3MsAAK,6/5/18 16:43,0
00K3600000OLnknEAD,0063600000dyS6hAAE,0033600001cSgssAAC,,2018-04-05,00536000006DdI0AAK,2018-04-05,00536000006DdI0AAK,4/5/18 20:15,0
00K3600000P3KoJEAV,0063600000eD6hEAAS,0033600001d0JPVAA2,Evaluator,2018-04-09,00536000008H3MsAAK,2018-06-05,00536000008H3MsAAK,6/5/18 16:35,0
00K3600000P3k6rEAB,0063600000eDlo8AAC,0033600001ddQfoAAE,Evaluator,2018-04-13,00536000006DI2SAAW,2018-07-02,00536000006DI2SAAW,7/2/18 22:54,0
00K3600000P3r1PEAR,0063600000eDxeKAAS,0033600001deSMLAA2,,2018-04-16,00536000006DdI0AAK,2018-04-16,00536000006DdI0AAK,4/16/18 11:53,0
00K3600000P3rH8EAJ,0063600000WXZAdAAP,0033600001deUcpAAE,Influencer,2018-04-16,00536000006DdI0AAK,2018-04-16,00536000006DdI0AAK,4/16/18 14:12,0
00K3600000P4ByHEAV,0063600000f1Z0dAAE,0033600001dfrbCAAQ,,2018-04-19,00536000006CfnPAAS,2018-04-19,00536000006CfnPAAS,4/19/18 15:29,0
00K3600000P4jVOEAZ,0063600000f2le5AAA,0033600001eS9tlAAC,,2018-04-25,00536000008H3MsAAK,2018-04-25,00536000008H3MsAAK,4/25/18 13:12,0
00K3600000P4rHUEAZ,0063600000f31MjAAI,0033600001eSmiYAAS,Evaluator,2018-04-26,00536000008H3MsAAK,2018-06-05,00536000008H3MsAAK,6/5/18 16:25,0
00K3600000P4th5EAB,0063600000dutm3AAA,0033600001eRYhTAAW,Technical Buyer,2018-04-27,00536000006DI2SAAW,2018-04-27,00536000006DI2SAAW,4/27/18 4:02,0
00K3600000P4th6EAB,0063600000dutm3AAA,0033600001cSJ4zAAG,Evaluator,2018-04-27,00536000006DI2SAAW,2018-04-27,00536000006DI2SAAW,4/27/18 4:02,0
00K3600000P4thyEAB,0063600000aj7whAAA,0033600001azReRAAU,Other,2018-04-27,00536000006DI2SAAW,2018-08-07,00536000006DZLrAAO,8/7/18 17:47,0
00K3600000P4thzEAB,0063600000aj7whAAA,0033600001ayr1FAAQ,Evaluator,2018-04-27,00536000006DI2SAAW,2018-08-07,00536000006DZLrAAO,8/7/18 17:47,0
00K3600000P4tiDEAR,0063600000dvW8SAAU,0033600001eSzKbAAK,Evaluator,2018-04-27,00536000006DI2SAAW,2018-06-14,00536000006DI2SAAW,6/14/18 3:53,0
00K3600000P4tiXEAR,0063600000dvW8SAAU,0033600001eSzM8AAK,Business User,2018-04-27,00536000006DI2SAAW,2018-06-14,00536000006DI2SAAW,6/14/18 3:53,0
00K3600000P4tj6EAB,0063600000eDlo8AAC,0033600001eSzNQAA0,Influencer,2018-04-27,00536000006DI2SAAW,2018-07-02,00536000006DI2SAAW,7/2/18 22:54,0
00K3600000P4tk9EAB,0063600000V1B04AAF,0033600001R6nxxAAB,Technical Buyer,2018-04-27,00536000006DI2SAAW,2018-04-27,00536000006DI2SAAW,4/27/18 4:25,0
00K3600000P4tkAEAR,0063600000V1B04AAF,0033600001KkcQaAAJ,Decision Maker,2018-04-27,00536000006DI2SAAW,2018-04-27,00536000006DI2SAAW,4/27/18 4:25,0
00K3600000P4tkOEAR,0063600000X7lohAAB,0033600001ZBaaxAAD,Decision Maker,2018-04-27,00536000006DI2SAAW,2018-04-27,00536000006DI2SAAW,4/27/18 4:27,0
00K3600000P4tllEAB,0063600000dwDTkAAM,0033600001KFlerAAD,Influencer,2018-04-27,00536000006DI2SAAW,2018-09-27,00536000006DZLrAAO,9/27/18 23:15,0
00K3600000P4tlmEAB,0063600000dwDTkAAM,0033600001b1sc0AAA,Decision Maker,2018-04-27,00536000006DI2SAAW,2018-09-27,00536000006DZLrAAO,9/27/18 23:15,0
00K3600000P4tlnEAB,0063600000dwDTkAAM,0033600001cQafiAAC,Technical Buyer,2018-04-27,00536000006DI2SAAW,2018-09-27,00536000006DZLrAAO,9/27/18 23:15,0
00K3600000P4tloEAB,0063600000dwDTkAAM,0033600001cQadcAAC,Influencer,2018-04-27,00536000006DI2SAAW,2018-09-27,00536000006DZLrAAO,9/27/18 23:15,0
00K3600000P5ZHOEA3,0063600000fTP29AAG,0033600001fiG0jAAE,Evaluator,2018-05-04,00536000006DI2SAAW,2018-05-04,00536000006DI2SAAW,5/4/18 23:25,0
00K3600000P5ZHPEA3,0063600000fTP29AAG,0033600001fiG1wAAE,Technical Buyer,2018-05-04,00536000006DI2SAAW,2018-06-01,00536000006DI2SAAW,6/1/18 21:32,0
00K3600000P5kATEAZ,0063600000fThQBAA0,0033600001fj5XPAAY,,2018-05-07,00536000006DI2SAAW,2018-05-07,00536000006DI2SAAW,5/7/18 23:57,0
00K3600000P5wFpEAJ,0063600000fU8PeAAK,0033600001fkMO0AAM,,2018-05-10,00536000008H3MsAAK,2018-05-10,00536000008H3MsAAK,5/10/18 13:46,0
00K3600000P5wNtEAJ,0063600000fU8eHAAS,0033600001fkN6FAAU,,2018-05-10,00536000008H3MsAAK,2018-05-10,00536000008H3MsAAK,5/10/18 14:09,0
00K3600000P5wPBEAZ,0063600000fU8gIAAS,0033600001fkNCmAAM,Influencer,2018-05-10,00536000008H3MsAAK,2018-06-05,00536000008H3MsAAK,6/5/18 18:32,0
00K3600000P69nGEAR,0063600000fUXJlAAO,0033600001flnv2AAA,Decision Maker,2018-05-14,00536000006CfnPAAS,2018-05-14,00536000006CfnPAAS,5/14/18 8:58,0
00K3600000P69nLEAR,0063600000fUXJlAAO,0033600001flnvbAAA,Evaluator,2018-05-14,00536000006CfnPAAS,2018-05-14,00536000006CfnPAAS,5/14/18 8:58,0
00K3600000P69oYEAR,0063600000fUXLrAAO,0033600001flo4xAAA,Decision Maker,2018-05-14,00536000006CfnPAAS,2018-05-14,00536000006CfnPAAS,5/14/18 9:41,0
00K3600000P69oiEAB,0063600000fUXLrAAO,0033600001flo60AAA,Technical Buyer,2018-05-14,00536000006CfnPAAS,2018-05-14,00536000006CfnPAAS,5/14/18 9:41,0
00K3600000PuxAEEAZ,0063600000eDlo8AAC,0033600001gsexAAAQ,Decision Maker,2018-05-17,00536000006DI2SAAW,2018-07-02,00536000006DI2SAAW,7/2/18 22:54,0
00K3600000PuxAFEAZ,0063600000eDlo8AAC,0033600001fLykuAAC,Evaluator,2018-05-17,00536000006DI2SAAW,2018-07-02,00536000006DI2SAAW,7/2/18 22:54,0
00K3600000PuxAGEAZ,0063600000eDlo8AAC,0033600001gsezLAAQ,Decision Maker,2018-05-17,00536000006DI2SAAW,2018-07-02,00536000006DI2SAAW,7/2/18 22:54,0
00K3600000PuxAIEAZ,0063600000eDlo8AAC,0033600001fLylnAAC,Evaluator,2018-05-17,00536000006DI2SAAW,2018-07-02,00536000006DI2SAAW,7/2/18 22:54,0
00K3600000PvkYKEAZ,0063600000gD8teAAC,0033600001gv2rGAAQ,Influencer,2018-05-30,00536000006DdI0AAK,2018-05-30,00536000006DdI0AAK,5/30/18 18:42,0
00K3600000PvkYjEAJ,0063600000gD8teAAC,0033600001hwKcVAAU,Decision Maker,2018-05-30,00536000006DdI0AAK,2018-05-30,00536000006DdI0AAK,5/30/18 18:42,0
00K3600000PvneaEAB,0063600000X6yFuAAJ,0033600001hwP2LAAU,Evaluator,2018-05-31,00536000006DdI0AAK,2018-05-31,00536000006DdI0AAK,5/31/18 13:18,0
00K3600000PvnekEAB,0063600000X6yFuAAJ,0033600001j605kAAA,Decision Maker,2018-05-31,00536000006DdI0AAK,2018-05-31,00536000006DdI0AAK,5/31/18 13:18,0
00K3600000PvsMlEAJ,0063600000fUFxMAAW,0033600001fk6GLAAY,Business User,2018-06-01,00536000006DI2SAAW,2018-06-06,00536000006DI2SAAW,6/6/18 0:14,0
00K3600000PvsMmEAJ,0063600000fUFxMAAW,0033600001fk3bzAAA,Technical Buyer,2018-06-01,00536000006DI2SAAW,2018-06-06,00536000006DI2SAAW,6/6/18 0:14,0
00K3600000PvzerEAB,0063600000gDYCMAA4,0033600001fiG1wAAE,Economic Decision Maker,2018-06-01,00536000006DI2SAAW,2018-06-01,00536000006DI2SAAW,6/1/18 21:31,0
00K3600000PvzhCEAR,0063600000gDYCMAA4,0033600001gvEnRAAU,Evaluator,2018-06-01,00536000006DI2SAAW,2018-06-01,00536000006DI2SAAW,6/1/18 21:31,0
00K3600000PvzhDEAR,0063600000gDYCMAA4,0033600001gvEfIAAU,Technical Buyer,2018-06-01,00536000006DI2SAAW,2018-06-01,00536000006DI2SAAW,6/1/18 21:31,0
00K3600000PvzhEEAR,0063600000gDYCMAA4,0033600001gvEk3AAE,Evaluator,2018-06-01,00536000006DI2SAAW,2018-06-01,00536000006DI2SAAW,6/1/18 21:31,0
00K3600000PvzhHEAR,0063600000fTP29AAG,0033600001gvEfIAAU,Technical Buyer,2018-06-01,00536000006DI2SAAW,2018-06-01,00536000006DI2SAAW,6/1/18 21:32,0
00K3600000PvzhIEAR,0063600000fTP29AAG,0033600001fisIDAAY,Evaluator,2018-06-01,00536000006DI2SAAW,2018-06-01,00536000006DI2SAAW,6/1/18 21:32,0
00K3600000Pw4tDEAR,0063600000gDjOkAAK,0033600001eT4HRAA0,,2018-06-04,00536000006DdI0AAK,2018-06-04,00536000006DdI0AAK,6/4/18 14:35,0
00K3600000Pw4thEAB,0063600000gDjPYAA0,0033600001fMLzXAAW,,2018-06-04,00536000006DdI0AAK,2018-06-04,00536000006DdI0AAK,6/4/18 14:37,0
00K3600000Pw4zzEAB,0063600000gDjY1AAK,0033600001j6eQfAAI,,2018-06-04,00536000006DdI0AAK,2018-06-04,00536000006DdI0AAK,6/4/18 14:47,0
00K3600000PwBnWEAV,0063600000gDrSXAA0,0033600001KFr2HAAT,,2018-06-05,00536000006DI2SAAW,2018-06-05,00536000006DI2SAAW,6/5/18 4:17,0
00K3600000PwBrTEAV,0063600000gDrqZAAS,0033600001j8JJGAA2,,2018-06-05,00536000006CfnPAAS,2018-06-05,00536000006CfnPAAS,6/5/18 5:19,0
00K3600000PwD94EAF,0063600000fU8gIAAS,0033600001j8dycAAA,Evaluator,2018-06-05,00536000008H3MsAAK,2018-06-05,00536000008H3MsAAK,6/5/18 18:32,0
00K3600000PwDD1EAN,0063600000gDuj8AAC,0033600001j8eU9AAI,Evaluator,2018-06-05,00536000008H3MsAAK,2018-06-05,00536000008H3MsAAK,6/5/18 16:18,0
00K3600000PwDDpEAN,0063600000gDulOAAS,0033600001j8eYpAAI,,2018-06-05,00536000008H3MsAAK,2018-06-05,00536000008H3MsAAK,6/5/18 14:46,0
00K3600000PwDFHEA3,0063600000gDunvAAC,0033600001j8egoAAA,Executive Sponsor,2018-06-05,00536000008H3MsAAK,2018-06-05,00536000008H3MsAAK,6/5/18 16:14,0
00K3600000PwDIfEAN,0063600000gDuteAAC,0033600001j8evSAAQ,Decision Maker,2018-06-05,00536000008H3MsAAK,2018-06-05,00536000008H3MsAAK,6/5/18 17:37,0
00K3600000PwDiiEAF,0063600000gDunvAAC,0033600001j8gy0AAA,Evaluator,2018-06-05,00536000008H3MsAAK,2018-06-05,00536000008H3MsAAK,6/5/18 16:14,0
00K3600000PwDjREAV,0063600000gDunvAAC,0033600001j8h1OAAQ,Evaluator,2018-06-05,00536000008H3MsAAK,2018-06-05,00536000008H3MsAAK,6/5/18 16:14,0
00K3600000PwDlcEAF,0063600000gDuj8AAC,0033600001j8h8eAAA,Executive Sponsor,2018-06-05,00536000008H3MsAAK,2018-06-05,00536000008H3MsAAK,6/5/18 16:18,0
00K3600000PwDo7EAF,0063600000f31MjAAI,0033600001df55vAAA,Decision Maker,2018-06-05,00536000008H3MsAAK,2018-06-05,00536000008H3MsAAK,6/5/18 16:25,0
00K3600000PwDoWEAV,0063600000TBhKAAA1,0033600001KFoyfAAD,Influencer,2018-06-05,00536000006CfnPAAS,2018-06-05,00536000006CfnPAAS,6/5/18 16:42,0
00K3600000PwDrzEAF,0063600000eD6hEAAS,0033600001j8hdaAAA,Influencer,2018-06-05,00536000008H3MsAAK,2018-06-05,00536000008H3MsAAK,6/5/18 16:35,0
00K3600000PwDsnEAF,0063600000dyE5tAAE,0033600001j8hjxAAA,Evaluator,2018-06-05,00536000008H3MsAAK,2018-06-05,00536000008H3MsAAK,6/5/18 16:43,0
00K3600000PwDtHEAV,0063600000dyE5tAAE,0033600001j8hlUAAQ,Decision Maker,2018-06-05,00536000008H3MsAAK,2018-06-05,00536000008H3MsAAK,6/5/18 16:43,0
00K3600000PwDtMEAV,0063600000TBhKAAA1,0033600001j8hjYAAQ,Evaluator,2018-06-05,00536000006CfnPAAS,2018-06-05,00536000006CfnPAAS,6/5/18 16:42,0
00K3600000PwDtNEAV,0063600000TBhKAAA1,0033600001j8hSwAAI,Evaluator,2018-06-05,00536000006CfnPAAS,2018-06-05,00536000006CfnPAAS,6/5/18 16:42,0
00K3600000PwDtOEAV,0063600000TBhKAAA1,0033600001guyWdAAI,Evaluator,2018-06-05,00536000006CfnPAAS,2018-06-05,00536000006CfnPAAS,6/5/18 16:42,0
00K3600000PwDtPEAV,0063600000TBhKAAA1,0033600001j8hYLAAY,Evaluator,2018-06-05,00536000006CfnPAAS,2018-06-05,00536000006CfnPAAS,6/5/18 16:42,0
00K3600000PwDtQEAV,0063600000TBhKAAA1,0033600001j8hcmAAA,Evaluator,2018-06-05,00536000006CfnPAAS,2018-06-05,00536000006CfnPAAS,6/5/18 16:42,0
00K3600000PwDtREAV,0063600000TBhKAAA1,0033600001j8hfvAAA,Evaluator,2018-06-05,00536000006CfnPAAS,2018-06-05,00536000006CfnPAAS,6/5/18 16:42,0
00K3600000PwDu5EAF,0063600000TBhKAAA1,0033600001j8hVlAAI,Evaluator,2018-06-05,00536000006CfnPAAS,2018-06-05,00536000006CfnPAAS,6/5/18 16:42,0
00K3600000PwDu6EAF,0063600000TBhKAAA1,0033600001j8hi6AAA,Evaluator,2018-06-05,00536000006CfnPAAS,2018-06-05,00536000006CfnPAAS,6/5/18 16:42,0
00K3600000PwDu7EAF,0063600000TBhKAAA1,0033600001j8hodAAA,Technical Buyer,2018-06-05,00536000006CfnPAAS,2018-06-05,00536000006CfnPAAS,6/5/18 16:42,0
00K3600000PwDuUEAV,0063600000dyE5tAAE,0033600001j8htJAAQ,Influencer,2018-06-05,00536000008H3MsAAK,2018-06-05,00536000008H3MsAAK,6/5/18 16:43,0
00K3600000PwDw6EAF,0063600000dy8heAAA,0033600001j8i6DAAQ,Economic Buyer,2018-06-05,00536000008H3MsAAK,2018-06-05,00536000008H3MsAAK,6/5/18 16:51,0
00K3600000PwDw7EAF,0063600000dy8heAAA,0033600001j8i76AAA,Evaluator,2018-06-05,00536000008H3MsAAK,2018-06-05,00536000008H3MsAAK,6/5/18 16:51,0
00K3600000PwDw8EAF,0063600000dy8heAAA,0033600001j8i7pAAA,Evaluator,2018-06-05,00536000008H3MsAAK,2018-06-05,00536000008H3MsAAK,6/5/18 16:51,0
00K3600000PwECiEAN,0063600000gDuteAAC,0033600001j8jYdAAI,Evaluator,2018-06-05,00536000008H3MsAAK,2018-06-05,00536000008H3MsAAK,6/5/18 17:37,0
00K3600000PwEYPEA3,0063600000fU8gIAAS,0033600001j8l2EAAQ,Decision Maker,2018-06-05,00536000008H3MsAAK,2018-06-05,00536000008H3MsAAK,6/5/18 18:32,0
00K3600000PwGNdEAN,0063600000gD4N8AAK,0033600001eTNNLAA4,Evaluator,2018-06-05,00536000006DI2SAAW,2018-06-05,00536000006DI2SAAW,6/5/18 23:14,0
00K3600000PwGi7EAF,0063600000fUFxMAAW,0033600001j8uPlAAI,Decision Maker,2018-06-06,00536000006DI2SAAW,2018-06-06,00536000006DI2SAAW,6/6/18 0:14,0
00K3600000PwMMMEA3,0063600000gEHogAAG,0033600001j9O67AAE,,2018-06-07,00536000006CbBOAA0,2018-06-07,00536000006CbBOAA0,6/7/18 4:01,0
00K3600000PwNnxEAF,0063600000gEKRjAAO,0033600001j9a8RAAQ,,2018-06-07,00536000008H3MsAAK,2018-06-07,00536000008H3MsAAK,6/7/18 15:59,0
00K3600000PwRHvEAN,0063600000VsPH4AAN,0033600001jA2SaAAK,Executive Sponsor,2018-06-08,00536000006DdI0AAK,2018-10-11,00536000006DdI0AAK,10/11/18 12:33,0
00K3600000Pwbu4EAB,0063600000gEoe0AAC,Sam-Eisenberg,,2018-06-12,0053600000D4sAHAAZ,2018-06-12,0053600000D4sAHAAZ,6/12/18 15:48,0
00K3600000PwhSGEAZ,0063600000gEv0xAAC,0033600001jedDrAAI,,2018-06-13,00536000006CfnPAAS,2018-06-13,00536000006CfnPAAS,6/13/18 8:32,0
00K3600000PwhV5EAJ,0063600000gEv4fAAC,0033600001jedY7AAI,,2018-06-13,00536000006CfnPAAS,2018-06-13,00536000006CfnPAAS,6/13/18 9:44,0
00K3600000PwoWjEAJ,0063600000dvW8SAAU,0033600001gvHCOAA2,Evaluator,2018-06-14,00536000006DI2SAAW,2018-06-14,00536000006DI2SAAW,6/14/18 3:53,0
00K3600000PwoWkEAJ,0063600000dvW8SAAU,0033600001gs16SAAQ,Executive Sponsor,2018-06-14,00536000006DI2SAAW,2018-06-14,00536000006DI2SAAW,6/14/18 3:53,0
00K3600000PxAFkEAN,0063600000gG6OrAAK,0033600001kBK2BAAW,,2018-06-19,00536000006DI2SAAW,2018-06-19,00536000006DI2SAAW,6/19/18 21:50,0
00K3600000PxJ6SEAV,0063600000gEoe0AAC,0033600001kCAitAAG,,2018-06-21,0053600000D4sAHAAZ,2018-06-21,0053600000D4sAHAAZ,6/21/18 0:05,0
00K3600000PxJ6rEAF,0063600000gEoe0AAC,0033600001kCAo8AAG,,2018-06-21,0053600000D4sAHAAZ,2018-06-21,0053600000D4sAHAAZ,6/21/18 0:07,0
00K3600000PxLyqEAF,0063600000gGPNmAAO,0033600001KFr2HAAT,,2018-06-21,00536000006DI2SAAW,2018-06-21,00536000006DI2SAAW,6/21/18 17:59,0
00K3600000PxszIEAR,0063600000TBhA1AAL,0033600001kjVKeAAM,Technical Buyer,2018-06-29,00536000006CfnPAAS,2018-06-29,00536000006CfnPAAS,6/29/18 9:06,0
00K3600000PxszhEAB,0063600000fWz1bAAC,0033600001kBnzGAAS,Technical Buyer,2018-06-29,00536000006CfnPAAS,2018-06-29,00536000006CfnPAAS,6/29/18 9:50,0
00K3600000Py0p6EAB,0063600000gtON2AAM,0033600001kktNPAAY,,2018-07-02,0053600000D4sAHAAZ,2018-07-02,0053600000D4sAHAAZ,7/2/18 17:45,0
00K3600000Py2E8EAJ,0063600000eDlo8AAC,0033600001kl0kxAAA,Technical Buyer,2018-07-02,00536000006DI2SAAW,2018-07-02,00536000006DI2SAAW,7/2/18 22:54,0
00K3600000Py4GFEAZ,0063600000gtUkcAAE,0033600001klLbuAAE,,2018-07-03,00536000006DdI0AAK,2018-07-03,00536000006DdI0AAK,7/3/18 13:08,0
00K3600000Py7SnEAJ,0063600000gtbxaAAA,0033600001kllEWAAY,,2018-07-04,00536000006CfnPAAS,2018-07-04,00536000006CfnPAAS,7/4/18 9:26,0
00K3600000Py8SyEAJ,0063600000gtfRPAAY,0033600001km3OdAAI,Decision Maker,2018-07-05,00536000006DdI0AAK,2018-09-28,00536000006DZLrAAO,9/28/18 0:40,0
00K3600000PyH18EAF,0063600000gu2RTAAY,0033600001Y3EwqAAF,,2018-07-07,00536000006DI2SAAW,2018-07-07,00536000006DI2SAAW,7/7/18 3:58,0
00K3600000PyIcjEAF,0063600000gu6PcAAI,0033600001kCQSXAA4,Influencer,2018-07-09,00536000006DdI0AAK,2018-07-09,00536000006DdI0AAK,7/9/18 13:45,0
00K3600000PyIxhEAF,0063600000ahPp3AAE,0033600001gv2rfAAA,Influencer,2018-07-09,00536000006DdI0AAK,2018-07-09,00536000006DdI0AAK,7/9/18 14:50,0
00K3600000QRFcjEAH,0063600000jhZMbAAM,0033600001s6UatAAE,Economic Decision Maker,2018-09-26,0053600000D5mROAAZ,2018-09-26,0053600000D5mROAAZ,9/26/18 16:24,0
00K3600000QRFdSEAX,0063600000jhZMbAAM,0033600001s6UczAAE,Evaluator,2018-09-26,0053600000D5mROAAZ,2018-09-26,0053600000D5mROAAZ,9/26/18 16:24,0
00K3600000QRH3lEAH,0063600000jheGKAAY,0033600001pQRaEAAW,,2018-09-26,00536000006DI2SAAW,2018-09-26,00536000006DI2SAAW,9/26/18 19:24,0
00K3600000QRKS5EAP,0063600000jhytxAAA,0033600001s6xUUAAY,,2018-09-27,0053600000D5bx4AAB,2018-09-27,0053600000D5bx4AAB,9/27/18 18:13,0
00K3600000QRLcuEAH,0063600000TBoAPAA1,0033600001KkcQaAAJ,Decision Maker,2018-09-27,00536000006DZLrAAO,2018-09-27,00536000006DZLrAAO,9/27/18 23:02,0
00K3600000QRLeWEAX,0063600000TCvmWAAT,0033600001ZCLfvAAH,Decision Maker,2018-09-27,00536000006DZLrAAO,2018-09-27,00536000006DZLrAAO,9/27/18 23:11,0
00K3600000QRLfFEAX,0063600000VuxYJAAZ,0033600001KFlerAAD,Decision Maker,2018-09-27,00536000006DZLrAAO,2018-09-27,00536000006DZLrAAO,9/27/18 23:17,0
00K3600000QRLfoEAH,0063600000TDAKqAAP,0033600001KFlerAAD,Decision Maker,2018-09-27,00536000006DZLrAAO,2018-09-27,00536000006DZLrAAO,9/27/18 23:19,0
00K3600000QRLkFEAX,006360000063BcnAAE,0033600001oE5OoAAK,Decision Maker,2018-09-27,00536000006DZLrAAO,2018-09-27,00536000006DZLrAAO,9/27/18 23:55,0
00K3600000QRLkZEAX,00636000005fcWcAAI,0033600001Kk0fJAAR,Decision Maker,2018-09-28,00536000006DZLrAAO,2018-09-28,00536000006DZLrAAO,9/28/18 0:00,0
00K3600000QRLlDEAX,00636000005fY4BAAU,0033600001Kk0fJAAR,Decision Maker,2018-09-28,00536000006DZLrAAO,2018-09-28,00536000006DZLrAAO,9/28/18 0:03,0
00K3600000QRLlSEAX,00636000005fYCcAAM,0033600000DeWQHAA3,Decision Maker,2018-09-28,00536000006DZLrAAO,2018-09-28,00536000006DZLrAAO,9/28/18 0:04,0
00K3600000QRLlhEAH,00636000005fagTAAQ,0033600000ChomQAAR,Decision Maker,2018-09-28,00536000006DZLrAAO,2018-09-28,00536000006DZLrAAO,9/28/18 0:05,0
00K3600000QRLlmEAH,00636000005fYRgAAM,0033600000ChonjAAB,Decision Maker,2018-09-28,00536000006DZLrAAO,2018-09-28,00536000006DZLrAAO,9/28/18 0:07,0
00K3600000QRLlrEAH,00636000005fbRSAAY,00336000009fJThAAM,Decision Maker,2018-09-28,00536000006DZLrAAO,2018-09-28,00536000006DZLrAAO,9/28/18 0:07,0
00K3600000QRLlwEAH,00636000005fafnAAA,0033600001KlVGXAA3,Decision Maker,2018-09-28,00536000006DZLrAAO,2018-09-28,00536000006DZLrAAO,9/28/18 0:09,0
00K3600000QRLmBEAX,00636000005fYLLAA2,0033600000ChooHAAR,Decision Maker,2018-09-28,00536000006DZLrAAO,2018-09-28,00536000006DZLrAAO,9/28/18 0:10,0
00K3600000QRLmQEAX,00636000005fY4QAAU,00336000009fJTIAA2,Decision Maker,2018-09-28,00536000006DZLrAAO,2018-09-28,00536000006DZLrAAO,9/28/18 0:12,0
00K3600000QRLmVEAX,0063600000jhvRmAAI,0033600001KFoCpAAL,Decision Maker,2018-09-28,00536000006DZLrAAO,2018-09-28,00536000006DZLrAAO,9/28/18 0:14,0
00K3600000QRLmaEAH,0063600000gDhFsAAK,0033600001KFoCpAAL,Decision Maker,2018-09-28,00536000006DZLrAAO,2018-09-28,00536000006DZLrAAO,9/28/18 0:14,0
00K3600000QRLmfEAH,0063600000aj4b3AAA,0033600001KFoCpAAL,Decision Maker,2018-09-28,00536000006DZLrAAO,2018-09-28,00536000006DZLrAAO,9/28/18 0:14,0
00K3600000QRLmkEAH,0063600000TCtNtAAL,0033600001KFoCpAAL,Decision Maker,2018-09-28,00536000006DZLrAAO,2018-09-28,00536000006DZLrAAO,9/28/18 0:14,0
00K3600000QRLn9EAH,00636000008FjOcAAK,0033600001SC3MqAAL,Decision Maker,2018-09-28,00536000006DZLrAAO,2018-09-28,00536000006DZLrAAO,9/28/18 0:17,0
00K3600000QRLndEAH,0063600000WXqQYAA1,0033600001KkcQaAAJ,Decision Maker,2018-09-28,00536000006DZLrAAO,2018-09-28,00536000006DZLrAAO,9/28/18 0:21,0
00K3600000QRLniEAH,0063600000VuxXzAAJ,0033600001KkcQaAAJ,Decision Maker,2018-09-28,00536000006DZLrAAO,2018-09-28,00536000006DZLrAAO,9/28/18 0:21,0
00K3600000QRLqSEAX,0063600000gtB1xAAE,0033600001kBvhYAAS,Decision Maker,2018-09-28,00536000006DZLrAAO,2018-09-28,00536000006DZLrAAO,9/28/18 0:37,0
00K3600000QRLrGEAX,0063600000dyEOSAA2,0033600000ChonaAAB,Decision Maker,2018-09-28,00536000006DZLrAAO,2018-09-28,00536000006DZLrAAO,9/28/18 0:40,0
00K3600000QRLsEEAX,0063600000TD16KAAT,0033600001KFilsAAD,Decision Maker,2018-09-28,00536000006DZLrAAO,2018-09-28,00536000006DZLrAAO,9/28/18 0:54,0
00K3600000QRZHgEAP,0063600000kGmDjAAK,0033600001s8LbtAAE,,2018-10-02,00536000006DdI0AAK,2018-10-02,00536000006DdI0AAK,10/2/18 18:12,0
00K3600000QRZWREA5,0063600000kGnJuAAK,0033600001s8OtuAAE,,2018-10-02,00536000006DdI0AAK,2018-10-02,00536000006DdI0AAK,10/2/18 19:01,0
00K3600000QRa5CEAT,0063600000kGsOjAAK,0033600001s6hvVAAQ,Other,2018-10-02,00536000006DI2SAAW,2018-11-06,00536000006DI2SAAW,11/6/18 23:33,0
00K3600000QS36YEAT,0063600000kIV0qAAG,0033600001tKGcZAAW,,2018-10-09,00536000006CfnPAAS,2018-10-09,00536000006CfnPAAS,10/9/18 14:21,0
00K3600000QS3dwEAD,0063600000kIWjrAAG,0033600001tKGkNAAW,,2018-10-09,00536000006DdI0AAK,2018-10-09,00536000006DdI0AAK,10/9/18 16:05,0
00K3600000QSBUdEAP,0063600000kJ7lCAAS,0033600001eSzNQAA0,,2018-10-11,00536000006DI2SAAW,2018-10-11,00536000006DI2SAAW,10/11/18 4:22,0
00K3600000QSBqoEAH,0063600000kIWitAAG,0033600001tKFxVAAW,Influencer,2018-10-11,00536000006DdI0AAK,2018-10-11,00536000006DdI0AAK,10/11/18 12:30,0
00K3600000QSG9fEAH,0063600000kJQlBAAW,0033600001KkcQaAAJ,,2018-10-12,00536000006DI2SAAW,2018-10-12,00536000006DI2SAAW,10/12/18 1:18,0
00K3600000R8av4EAB,0063600000gwETzAAM,0033600001mxmpGAAQ,,2018-07-26,00536000006DdI0AAK,2018-07-26,00536000006DdI0AAK,7/26/18 15:04,0
00K3600000R8jwkEAB,0063600000gwcU9AAI,0033600001mycAUAAY,,2018-07-30,00536000006CbBOAA0,2018-07-30,00536000006CbBOAA0,7/30/18 14:41,0
00K3600000R9EoXEAV,0063600000hqCDeAAM,0033600001nt4qPAAQ,,2018-08-06,0053600000D5bx4AAB,2018-08-06,0053600000D5bx4AAB,8/6/18 19:36,0
00K3600000R9FRjEAN,0063600000hqDRwAAM,0033600001nt6dXAAQ,,2018-08-06,0053600000D5bx4AAB,2018-08-06,0053600000D5bx4AAB,8/6/18 20:48,0
00K3600000R9ItvEAF,0063600000aj7whAAA,0033600001ntMVQAA2,Influencer,2018-08-07,00536000006DZLrAAO,2018-08-07,00536000006DZLrAAO,8/7/18 17:47,0
00K3600000R9O5wEAF,0063600000hqWRUAA2,0033600001nt9yyAAA,,2018-08-08,00536000006DI2SAAW,2018-08-08,00536000006DI2SAAW,8/8/18 23:12,0
00K3600000R9ThvEAF,0063600000hqhnVAAQ,0033600001oBSQgAAO,,2018-08-10,00536000006CfnPAAS,2018-08-10,00536000006CfnPAAS,8/10/18 11:14,0
00K3600000R9V1cEAF,0063600000hqkxxAAA,0033600001oBXMPAA4,,2018-08-10,00536000006DdI0AAK,2018-08-10,00536000006DdI0AAK,8/10/18 16:43,0
00K3600000R9jr3EAB,0063600000hrHWxAAM,0033600001oD06YAAS,,2018-08-15,0053600000D5bx4AAB,2018-08-15,0053600000D5bx4AAB,8/15/18 19:37,0
00K3600000R9nSHEAZ,0063600000hrPbZAAU,0033600001oD0KVAA0,Evaluator,2018-08-16,0053600000D5bx4AAB,2018-08-29,00536000006DZLrAAO,8/29/18 22:30,0
00K3600000R9xFIEAZ,0063600000hrmlfAAA,0033600001oE7pXAAS,,2018-08-20,0053600000D5bx4AAB,2018-08-20,0053600000D5bx4AAB,8/20/18 20:52,0
00K3600000R9ygUEAR,0063600000hrtDTAAY,0033600001oEFjiAAG,,2018-08-21,00536000006CfnPAAS,2018-08-21,00536000006CfnPAAS,8/21/18 12:57,0
00K3600000RA1I1EAL,0063600000hryyWAAQ,0033600001oET1NAAW,,2018-08-21,0053600000D5bx4AAB,2018-08-21,0053600000D5bx4AAB,8/21/18 21:01,0
00K3600000RA5vMEAT,0063600000hs9o2AAA,0033600001oEmmGAAS,,2018-08-22,0053600000D5mROAAZ,2018-08-22,0053600000D5mROAAZ,8/22/18 23:19,0
00K3600000RA6XzEAL,0063600000hsBlTAAU,0033600001oEs2oAAC,,2018-08-23,00536000006CfnPAAS,2018-08-23,00536000006CfnPAAS,8/23/18 10:08,0
00K3600000RAIATEA5,0063600000hrPbZAAU,0033600001oD06YAAS,Influencer,2018-08-27,00536000006DZLrAAO,2018-08-27,00536000006DZLrAAO,8/27/18 17:29,0
00K3600000RAn9qEAD,0063600000hthebAAA,0033600001pRk1jAAC,,2018-09-04,00536000008H3MsAAK,2018-09-04,00536000008H3MsAAK,9/4/18 13:51,0
00K3600000RAnAjEAL,0063600000hthhkAAA,0033600001pRk4eAAC,,2018-09-04,00536000008H3MsAAK,2018-09-04,00536000008H3MsAAK,9/4/18 13:56,0
00K3600000RAnBIEA1,0063600000hthjMAAQ,0033600001pRkCCAA0,,2018-09-04,00536000008H3MsAAK,2018-09-04,00536000008H3MsAAK,9/4/18 13:58,0
00K3600000RAnRpEAL,0063600000htihAAAQ,0033600001pRmE0AAK,,2018-09-04,00536000008H3MsAAK,2018-09-04,00536000008H3MsAAK,9/4/18 14:57,0
00K3600000RB4bmEAD,0063600000j7qHIAAY,0033600001KFr2HAAT,,2018-09-07,00536000006DI2SAAW,2018-09-07,00536000006DI2SAAW,9/7/18 22:58,0
00K3600000RB9A2EAL,0063600000j7xiJAAQ,0033600001qVHBYAA4,,2018-09-10,00536000006DdI0AAK,2018-09-10,00536000006DdI0AAK,9/10/18 12:38,0
00K3600000RBGplEAH,0063600000j8FICAA2,0033600001qW2Q7AAK,,2018-09-11,00536000006DI2SAAW,2018-09-11,00536000006DI2SAAW,9/11/18 22:07,0
00K3600000RBXcPEAX,0063600000j92shAAA,0033600001pRhNhAAK,Technical Buyer,2018-09-17,00536000006CfnPAAS,2018-09-28,00536000006DZLrAAO,9/28/18 1:07,0
00K3600000RBXhyEAH,0063600000j92zoAAA,0033600001qXX60AAG,,2018-09-17,0053600000D5c3CAAR,2018-09-17,0053600000D5c3CAAR,9/17/18 4:00,0
00K3600000RBXjpEAH,0063600000j932EAAQ,0033600001qXXSaAAO,,2018-09-17,0053600000D5c3CAAR,2018-09-17,0053600000D5c3CAAR,9/17/18 4:45,0
00K3600000RBc7MEAT,0063600000j9HquAAE,0033600001rZIMmAAO,Business User,2018-09-18,00536000006DdI0AAK,2018-09-20,00536000006DdI0AAK,9/20/18 18:18,0
00K3600000RBe53EAD,0063600000VsPH4AAN,0033600001mxmqOAAQ,Influencer,2018-09-18,00536000006DZLrAAO,2018-10-11,00536000006DdI0AAK,10/11/18 12:33,0
00K3600000RBe54EAD,0063600000VsPH4AAN,0033600001rZSsMAAW,Influencer,2018-09-18,00536000006DZLrAAO,2018-10-11,00536000006DdI0AAK,10/11/18 12:33,0
00K3600000RBeI2EAL,0063600000V1SFBAA3,0033600001rZTgbAAG,Influencer,2018-09-18,00536000006DZLrAAO,2018-09-18,00536000006DZLrAAO,9/18/18 20:23,0
00K3600000RBkZsEAL,0063600000j9HquAAE,0033600001raKq0AAE,Business User,2018-09-20,00536000006DdI0AAK,2018-09-20,00536000006DdI0AAK,9/20/18 18:18,0
00K3600000RBtXqEAL,0063600000jAKCXAA4,0033600001rbQIGAA2,,2018-09-24,00536000008H3MsAAK,2018-09-24,00536000008H3MsAAK,9/24/18 18:14,0
00K3600000ScxeKEAR,0063600000kkhLUAAY,0033600001tNSduAAG,,2018-10-18,0053600000D5bx4AAB,2018-10-18,0053600000D5bx4AAB,10/18/18 14:18,0
00K3600000Scyl2EAB,0063600000kkocjAAA,0033600001tNZ4JAAW,,2018-10-18,0053600000D5mROAAZ,2018-10-18,0053600000D5mROAAZ,10/18/18 18:01,0
00K3600000ScyoGEAR,0063600000kkozJAAQ,0033600001tNZMvAAO,,2018-10-18,0053600000D5mROAAZ,2018-10-18,0053600000D5mROAAZ,10/18/18 18:11,0
00K3600000Sd0QkEAJ,0063600000kl2OOAAY,0033600001tNkrdAAC,,2018-10-19,0053600000D5mROAAZ,2018-10-19,0053600000D5mROAAZ,10/19/18 4:31,0