EVENT_ID,FROM_SERVICE,TO_SERVICE,FROM_SERVER_ID,TO_SERVER_ID,IP,DEVICE_ID,OUTPUT_RESOURCE,INPUT_RESOURCE,USER_ID,START_DATE,END_DATE,EVENT_TYPE,RETURN_CODE,END_POINT
1,60,66,19,6,120.80.130.201,13,8,19,11,2019-10-11 05:06:00,2019-10-21 05:06:00,read,404,
2,50,68,19,13,12.56.199.194,11,11,10,15,2019-10-15 08:55:00,2019-10-15 08:55:00,write,0,
3,85,54,20,7,202.162.214.35,9,8,1,10,2019-10-03 18:43:00,2019-10-08 18:43:00,read,0,
4,95,15,87,7,165.15.4.65,2,7,12,4,2019-10-05 17:24:00,2019-10-15 17:24:00,request,404,EP1
5,28,52,64,5,52.39.174.203,11,15,14,10,2019-10-09 14:35:00,2019-10-11 14:35:00,login,404,
6,43,65,8,11,131.92.235.24,18,18,4,3,2019-10-04 04:05:00,2019-10-10 04:05:00,login,0,
7,76,90,78,11,217.184.183.186,4,4,3,15,2019-10-15 05:36:00,2019-10-22 05:36:00,read,0,
8,46,50,78,8,158.214.250.58,3,19,15,1,2019-10-03 12:23:00,2019-10-04 12:23:00,write,0,
9,87,48,45,14,70.216.184.170,7,16,13,12,2019-10-08 22:35:00,2019-10-11 22:35:00,write,0,
10,94,35,10,14,205.114.234.251,7,15,15,19,2019-10-01 11:06:00,2019-10-02 11:06:00,read,502,
11,94,81,55,6,51.230.244.8,13,15,10,5,2019-10-13 18:57:00,2019-10-17 18:57:00,firewall,502,
12,96,42,95,13,224.110.11.72,5,3,4,6,2019-10-05 09:11:00,2019-10-15 09:11:00,login,404,
13,55,36,40,3,217.71.31.117,2,20,4,16,2019-10-12 17:26:00,2019-10-18 17:26:00,write,502,
14,73,95,7,10,52.0.115.130,5,5,5,20,2019-10-09 10:45:00,2019-10-09 10:45:00,read,502,
15,42,73,2,11,230.114.233.47,18,2,8,6,2019-10-02 16:38:00,2019-10-04 16:38:00,write,502,
16,24,45,99,15,123.97.219.168,6,13,6,3,2019-10-06 18:17:00,2019-10-11 18:17:00,login,0,
17,26,16,27,12,191.99.75.101,4,4,14,10,2019-10-03 17:08:00,2019-10-11 17:08:00,read,404,
18,72,14,56,16,29.77.18.34,16,12,7,19,2019-05-01 11:10:11,2019-10-13 05:28:00,firewall,404,
19,41,97,44,3,194.74.87.144,11,8,20,5,2019-10-05 15:41:00,2019-10-14 15:41:00,write,0,
20,20,18,68,15,151.100.42.116,11,19,19,8,2019-10-01 11:53:00,2019-10-01 11:53:00,login,0,
21,86,37,62,18,99.223.177.175,14,19,14,1,2019-10-06 16:56:00,2019-10-12 16:56:00,read,0,
22,11,3,25,17,142.214.227.100,17,10,19,13,2019-10-13 04:37:00,2019-10-20 04:37:00,authentication,404,
23,89,34,16,8,187.48.251.129,9,5,7,4,2019-10-04 03:29:00,2019-10-11 03:29:00,write,502,
24,56,50,82,10,64.214.193.160,5,4,14,13,2019-10-07 16:58:00,2019-10-08 16:58:00,write,502,
25,64,66,88,6,130.106.38.250,10,12,3,12,2019-10-04 14:37:00,2019-10-13 14:37:00,read,404,
26,87,66,62,14,119.108.63.252,1,7,2,9,2019-10-13 04:08:00,2019-10-20 04:08:00,login,404,
27,93,50,82,11,11.176.204.33,11,7,13,17,2019-10-04 09:48:00,2019-10-14 09:48:00,request,502,EP1
28,87,10,15,5,220.98.222.84,7,19,5,4,2019-10-15 16:26:00,2019-10-15 16:26:00,login,0,
29,60,14,35,17,55.93.234.44,3,10,15,20,2019-05-01 11:10:11,2019-10-08 02:06:00,login,0,
30,69,84,33,18,254.103.85.218,1,3,9,4,2019-10-06 10:53:00,2019-10-13 10:53:00,read,0,
31,47,13,68,16,171.60.31.211,15,1,10,3,2019-05-01 11:10:11,2019-10-17 16:19:00,read,404,
32,75,96,11,15,39.226.140.179,11,10,10,19,2019-10-05 14:34:00,2019-10-15 14:34:00,write,0,
33,9,9,56,1,31.79.224.25,7,1,11,10,2019-10-01 01:30:00,2019-10-11 01:30:00,write,0,
34,49,82,95,14,178.5.83.123,3,7,18,13,2019-10-13 14:41:00,2019-10-21 14:41:00,write,0,
35,20,75,41,15,69.173.117.116,10,9,20,15,2019-10-08 21:21:00,2019-10-09 21:21:00,request,0,EP1
36,33,14,2,17,11.252.237.47,13,20,8,2,2019-05-01 11:10:11,2019-10-09 13:17:00,login,0,
37,72,26,80,17,7.137.121.113,12,8,18,4,2019-10-10 04:18:00,2019-10-17 04:18:00,login,0,
38,16,94,97,14,112.174.86.33,14,14,18,17,2019-10-13 03:47:00,2019-10-16 03:47:00,read,502,
39,85,43,79,18,153.106.237.56,8,20,13,17,2019-10-05 17:25:00,2019-10-14 17:25:00,authentication,0,
40,87,14,36,8,158.54.32.218,15,15,17,18,2019-05-01 11:10:11,2019-10-21 20:50:00,firewall,502,
41,16,27,66,16,139.201.222.73,10,6,13,2,2019-10-02 11:53:00,2019-10-10 11:53:00,write,502,
42,81,41,15,4,130.238.81.52,16,3,14,3,2019-10-14 11:12:00,2019-10-16 11:12:00,firewall,404,
43,39,55,85,16,11.107.155.44,7,2,16,20,2019-10-15 03:51:00,2019-10-24 03:51:00,read,404,
44,67,53,55,18,61.212.50.113,17,15,15,2,2019-10-14 19:07:00,2019-10-18 19:07:00,request,0,EP1
45,11,18,78,2,15.74.43.221,9,20,3,20,2019-10-09 02:27:00,2019-10-12 02:27:00,login,0,
46,63,71,77,8,32.240.99.180,6,8,6,11,2019-10-02 14:20:00,2019-10-09 14:20:00,request,0,EP1
47,92,82,34,7,205.42.151.125,13,11,4,3,2019-10-01 17:41:00,2019-10-05 17:41:00,login,404,
48,17,10,90,5,17.245.206.43,13,11,20,7,2019-10-11 08:35:00,2019-10-11 08:35:00,login,0,
49,55,14,41,18,85.161.115.225,18,10,4,19,2019-05-01 11:10:11,2019-10-17 08:00:00,request,502,EP1
50,44,20,60,10,161.215.135.229,3,14,15,9,2019-10-08 19:34:00,2019-10-15 19:34:00,write,404,
51,39,70,56,20,242.4.237.2,20,16,16,3,2019-10-15 01:47:00,2019-10-21 01:47:00,request,502,EP1
52,4,37,41,2,222.111.153.159,14,6,3,6,2019-10-05 13:34:00,2019-10-09 13:34:00,login,0,
53,33,13,68,6,60.63.164.231,2,11,10,16,2019-05-01 11:10:11,2019-10-23 06:11:00,login,0,
54,66,30,1,10,13.146.55.179,17,20,4,15,2019-10-07 00:30:00,2019-10-07 00:30:00,write,0,
55,84,60,21,1,41.58.61.195,2,3,11,16,2019-10-01 17:06:00,2019-10-11 17:06:00,read,502,
56,82,14,55,3,45.252.138.121,4,9,2,10,2019-05-01 11:10:11,2019-10-08 00:48:00,write,502,
57,72,45,48,16,186.57.176.173,5,16,11,12,2019-10-03 09:36:00,2019-10-05 09:36:00,write,0,
58,70,38,43,15,119.67.18.240,13,13,11,6,2019-10-10 00:12:00,2019-10-14 00:12:00,request,0,EP1
59,4,66,90,11,249.133.57.11,6,6,9,8,2019-10-05 10:53:00,2019-10-14 10:53:00,read,404,
60,79,18,95,20,239.173.210.154,13,5,5,12,2019-10-09 16:22:00,2019-10-10 16:22:00,login,404,
61,33,14,29,7,250.89.208.200,8,19,20,9,2019-05-01 11:10:11,2019-10-14 12:39:00,login,0,
62,66,96,13,3,177.126.84.110,18,17,3,11,2019-10-03 05:32:00,2019-10-09 05:32:00,write,404,
63,79,23,92,4,67.120.88.64,11,8,1,1,2019-10-01 10:52:00,2019-10-01 10:52:00,authentication,502,
64,76,3,96,8,120.114.134.197,2,13,7,6,2019-10-08 06:41:00,2019-10-14 06:41:00,authentication,502,
65,9,39,27,17,36.109.38.101,20,14,9,16,2019-10-13 03:57:00,2019-10-16 03:57:00,request,0,EP1
66,94,61,53,19,238.226.67.254,19,13,6,19,2019-10-14 05:58:00,2019-10-16 05:58:00,firewall,404,
67,79,85,21,5,120.115.30.164,12,1,16,11,2019-10-08 19:09:00,2019-10-15 19:09:00,read,0,
68,80,14,70,12,129.144.154.208,12,3,9,18,2019-05-01 11:10:11,2019-10-05 09:49:00,read,404,
69,55,54,86,13,112.12.231.59,1,8,13,8,2019-10-05 03:11:00,2019-10-06 03:11:00,login,502,
70,51,55,87,11,159.35.154.210,20,15,17,3,2019-10-15 17:46:00,2019-10-24 17:46:00,read,0,
71,9,14,96,16,120.201.43.34,17,14,14,15,2019-05-01 11:10:11,2019-10-19 21:35:00,login,0,
72,34,93,10,8,46.13.114.80,3,7,9,8,2019-10-05 00:56:00,2019-10-05 00:56:00,write,0,
73,86,56,19,10,16.112.111.133,5,13,19,9,2019-10-02 14:19:00,2019-10-10 14:19:00,request,502,EP1
74,100,24,97,15,134.209.57.57,20,5,5,11,2019-10-11 04:56:00,2019-10-14 04:56:00,request,0,EP1
75,77,87,10,20,77.188.188.77,17,12,19,9,2019-10-08 21:00:00,2019-10-10 21:00:00,request,0,EP1
76,90,24,9,20,37.108.222.161,16,8,8,9,2019-10-12 05:18:00,2019-10-18 05:18:00,request,404,EP1
77,29,8,97,1,104.128.160.68,10,6,19,14,2019-10-15 02:15:00,2019-10-21 02:15:00,login,404,
78,13,54,55,4,139.196.100.252,15,9,6,11,2019-10-15 12:05:00,2019-10-18 12:05:00,read,0,
79,60,58,77,8,173.171.185.60,2,19,1,5,2019-10-04 21:11:00,2019-10-04 21:11:00,login,502,
80,59,64,75,6,76.58.111.29,5,1,12,9,2019-10-08 10:29:00,2019-10-13 10:29:00,write,0,
81,39,80,19,10,188.117.3.237,10,20,7,9,2019-10-04 08:30:00,2019-10-04 08:30:00,login,404,
82,30,10,20,7,83.55.164.28,13,7,19,15,2019-10-06 21:48:00,2019-10-13 21:48:00,write,502,
83,69,31,87,16,105.60.211.66,6,4,8,18,2019-10-14 04:38:00,2019-10-22 04:38:00,login,502,
84,9,22,10,15,53.58.29.216,11,3,17,8,2019-10-13 16:28:00,2019-10-13 16:28:00,login,404,
85,67,38,28,9,18.17.189.227,7,3,12,2,2019-10-15 06:11:00,2019-10-22 06:11:00,login,0,
86,49,77,42,18,5.183.145.212,17,5,19,8,2019-10-04 03:56:00,2019-10-07 03:56:00,write,404,
87,48,52,25,6,12.192.31.219,13,10,20,13,2019-10-01 22:43:00,2019-10-11 22:43:00,request,404,EP1
88,28,79,24,3,19.251.48.232,3,13,16,9,2019-10-09 15:44:00,2019-10-16 15:44:00,request,0,EP1
89,5,43,93,19,186.1.218.66,19,4,19,13,2019-10-09 17:51:00,2019-10-13 17:51:00,authentication,0,
90,4,41,35,13,148.231.172.122,20,2,6,4,2019-10-10 19:58:00,2019-10-12 19:58:00,firewall,404,
91,65,9,89,20,250.200.179.240,6,20,14,16,2019-10-05 09:07:00,2019-10-13 09:07:00,read,404,
92,21,67,100,3,1.177.43.96,2,13,4,17,2019-10-10 21:26:00,2019-10-13 21:26:00,read,404,
93,82,57,65,17,111.207.176.163,8,14,7,6,2019-10-02 21:56:00,2019-10-02 21:56:00,write,0,
94,16,56,78,6,103.156.86.253,6,5,20,20,2019-10-10 05:55:00,2019-10-11 05:55:00,write,404,
95,73,91,45,6,245.0.144.182,19,10,10,19,2019-10-02 02:12:00,2019-10-06 02:12:00,login,0,
96,99,3,38,3,107.19.250.202,4,5,20,13,2019-10-04 22:56:00,2019-10-12 22:56:00,authentication,404,
97,8,27,83,8,185.208.175.235,5,14,13,5,2019-10-07 19:08:00,2019-10-11 19:08:00,login,404,
98,18,48,26,2,189.250.6.247,9,6,3,15,2019-10-07 15:37:00,2019-10-17 15:37:00,read,0,
99,24,2,85,18,109.2.54.18,20,12,13,17,2019-10-01 09:30:00,2019-10-08 09:30:00,request,502,EP1
100,1,71,3,15,216.61.220.149,20,14,19,17,2019-10-12 03:39:00,2019-10-19 03:39:00,write,0,
101,95,97,63,11,135.142.170.115,10,6,15,12,2019-10-11 01:35:00,2019-10-12 01:35:00,request,502,EP1
102,10,61,34,16,234.30.102.11,10,6,19,13,2019-10-09 15:13:00,2019-10-19 15:13:00,firewall,404,
103,55,13,3,16,193.206.84.12,16,9,9,11,2019-05-01 11:10:11,2019-10-11 19:26:00,login,0,
104,65,79,9,20,31.154.64.19,15,9,19,10,2019-10-14 19:28:00,2019-10-21 19:28:00,write,502,
105,85,32,46,17,70.158.150.35,7,15,3,14,2019-10-10 08:44:00,2019-10-19 08:44:00,read,404,
106,69,49,71,10,137.177.23.16,4,6,2,6,2019-10-05 06:51:00,2019-10-13 06:51:00,login,0,
107,16,55,22,20,81.155.61.65,10,8,18,1,2019-10-07 20:46:00,2019-10-15 20:46:00,request,404,EP1
108,33,63,94,13,96.214.178.157,11,12,2,9,2019-10-07 09:21:00,2019-10-16 09:21:00,authentication,502,
109,98,75,26,11,169.76.172.74,14,5,20,17,2019-10-10 21:41:00,2019-10-15 21:41:00,login,0,
110,32,99,33,9,163.184.129.66,12,19,13,20,2019-10-02 14:26:00,2019-10-02 14:26:00,request,0,EP1
111,7,13,30,2,219.131.63.206,13,2,11,14,2019-05-01 11:10:11,2019-10-13 03:28:00,read,502,
112,42,90,62,19,128.9.59.202,6,1,8,19,2019-10-03 17:55:00,2019-10-08 17:55:00,write,0,
113,49,71,8,7,204.173.19.209,1,6,14,16,2019-10-07 09:50:00,2019-10-07 09:50:00,read,0,
114,91,100,9,6,193.225.162.10,11,8,10,2,2019-10-02 19:34:00,2019-10-07 19:34:00,write,0,
115,28,46,17,18,110.8.129.141,12,5,5,4,2019-10-15 21:27:00,2019-10-18 21:27:00,login,404,
116,11,85,96,4,186.109.60.101,14,17,5,5,2019-10-10 10:57:00,2019-10-18 10:57:00,login,502,
117,73,13,39,3,93.141.121.244,13,7,5,17,2019-05-01 11:10:11,2019-10-06 02:47:00,request,502,EP1
118,60,66,54,20,247.16.193.163,12,9,7,1,2019-10-02 08:11:00,2019-10-04 08:11:00,write,0,
119,50,55,30,19,42.157.43.104,11,8,8,8,2019-10-15 15:32:00,2019-10-18 15:32:00,read,404,
120,44,99,34,9,180.159.93.191,15,13,11,11,2019-10-07 17:55:00,2019-10-16 17:55:00,login,404,
121,35,53,39,7,51.75.134.108,8,18,1,20,2019-10-05 15:15:00,2019-10-12 15:15:00,request,0,EP1
122,12,58,2,4,1.233.216.201,2,17,17,8,2019-10-14 04:13:00,2019-10-20 04:13:00,read,0,
123,20,71,48,1,248.40.177.194,7,15,17,6,2019-10-02 07:07:00,2019-10-12 07:07:00,write,0,
124,14,13,1,10,54.159.229.243,7,11,7,11,2019-05-01 11:10:11,2019-10-09 00:46:00,request,0,EP1
125,57,13,25,16,168.13.144.184,4,8,6,19,2019-05-01 11:10:11,2019-10-13 12:51:00,firewall,0,
126,55,39,85,14,124.125.146.4,3,2,13,8,2019-10-07 13:30:00,2019-10-15 13:30:00,request,502,EP1
127,2,23,46,12,247.168.10.210,2,19,5,5,2019-10-05 16:12:00,2019-10-14 16:12:00,authentication,0,
128,11,30,29,20,167.164.71.166,5,16,6,12,2019-10-04 12:51:00,2019-10-07 12:51:00,read,0,
129,13,68,28,4,145.30.135.53,9,7,10,5,2019-10-10 12:11:00,2019-10-17 12:11:00,write,404,
130,6,13,53,1,69.84.115.130,2,16,13,13,2019-05-01 11:10:11,2019-10-21 01:49:00,write,0,
131,43,43,38,10,197.225.75.18,9,5,19,3,2019-10-13 12:30:00,2019-10-19 12:30:00,authentication,404,
132,71,48,17,4,115.159.106.242,3,20,18,8,2019-10-08 16:40:00,2019-10-15 16:40:00,write,404,
133,64,77,10,7,82.34.149.208,11,10,4,9,2019-10-01 17:54:00,2019-10-11 17:54:00,login,0,
134,43,35,21,2,231.216.207.77,10,8,20,9,2019-10-12 08:58:00,2019-10-17 08:58:00,read,0,
135,99,13,77,14,129.34.206.147,12,15,13,1,2019-05-01 11:10:11,2019-10-18 17:39:00,request,502,EP1
136,64,18,24,13,221.46.70.81,5,13,14,7,2019-10-01 17:18:00,2019-10-11 17:18:00,read,0,
137,81,13,65,10,166.113.156.31,4,14,15,3,2019-05-01 11:10:11,2019-10-09 20:41:00,request,0,EP1
138,26,90,57,3,6.170.77.242,19,11,16,2,2019-10-13 04:06:00,2019-10-13 04:06:00,read,0,
139,13,94,70,8,105.175.243.204,4,8,3,11,2019-10-15 10:30:00,2019-10-25 10:30:00,read,0,
140,4,91,19,13,99.87.130.42,4,14,16,18,2019-10-08 06:38:00,2019-10-08 06:38:00,request,502,EP1
141,67,80,99,4,213.203.30.202,15,12,13,2,2019-10-03 13:48:00,2019-10-09 13:48:00,read,502,
142,44,52,56,14,79.74.171.119,12,17,2,18,2019-10-02 00:52:00,2019-10-10 00:52:00,read,0,
143,76,55,73,12,8.82.133.116,3,18,20,1,2019-10-06 09:46:00,2019-10-14 09:46:00,read,404,
144,97,47,16,13,171.164.62.101,15,3,8,1,2019-10-12 12:52:00,2019-10-12 12:52:00,request,404,EP1
145,53,38,81,1,216.62.128.16,8,13,20,3,2019-10-03 21:19:00,2019-10-03 21:19:00,read,0,
146,96,32,10,19,145.180.162.169,8,16,2,18,2019-10-11 06:01:00,2019-10-13 06:01:00,write,0,
147,48,28,76,6,10.188.59.182,7,12,5,3,2019-10-04 04:10:00,2019-10-08 04:10:00,write,404,
148,7,93,71,6,100.82.123.41,8,16,20,9,2019-10-03 12:38:00,2019-10-05 12:38:00,write,0,
149,38,86,14,7,2.28.234.49,6,17,13,16,2019-10-15 06:56:00,2019-10-23 06:56:00,write,404,
150,77,37,78,16,87.232.254.136,9,18,1,17,2019-10-01 22:32:00,2019-10-07 22:32:00,read,502,
151,85,49,1,1,13.100.55.226,7,6,8,19,2019-10-10 18:52:00,2019-10-13 18:52:00,login,404,
152,38,91,41,7,177.207.208.162,2,6,17,6,2019-10-06 17:38:00,2019-10-12 17:38:00,write,0,
153,52,44,49,9,168.118.65.177,6,10,19,5,2019-10-14 02:26:00,2019-10-17 02:26:00,write,0,
154,16,25,35,19,196.8.62.227,13,9,6,19,2019-10-15 17:57:00,2019-10-15 17:57:00,request,404,EP1
155,26,85,53,15,188.134.40.108,11,20,5,3,2019-10-15 06:47:00,2019-10-21 06:47:00,write,0,
156,71,12,48,20,74.248.195.82,15,5,10,9,2019-10-12 21:09:00,2019-10-16 21:09:00,login,502,
157,91,1,94,7,234.70.40.72,7,9,9,3,2019-10-14 17:14:00,2019-10-17 17:14:00,firewall,0,
158,86,35,54,19,8.200.88.144,16,18,18,15,2019-10-07 16:23:00,2019-10-15 16:23:00,login,404,
159,98,44,62,20,99.245.50.103,1,13,7,17,2019-10-11 00:15:00,2019-10-15 00:15:00,read,0,
160,96,60,60,1,123.95.32.170,3,15,16,14,2019-10-01 22:48:00,2019-10-07 22:48:00,request,0,EP1
161,88,22,1,3,245.42.51.149,2,18,13,15,2019-10-03 06:03:00,2019-10-11 06:03:00,request,502,EP1
162,87,15,27,20,71.77.65.113,12,8,9,4,2019-10-12 11:36:00,2019-10-17 11:36:00,request,0,EP1
163,47,53,13,6,100.164.82.69,16,11,3,8,2019-10-10 00:12:00,2019-10-10 00:12:00,write,502,
164,5,62,21,4,194.109.57.125,4,8,14,9,2019-10-01 22:23:00,2019-10-06 22:23:00,write,0,
165,15,60,56,12,44.17.189.114,16,5,17,12,2019-10-02 21:39:00,2019-10-10 21:39:00,write,502,
166,40,,58,2,,,,13,1,2019-10-11 03:06:00,2019-10-11 03:06:00,read,0,
167,3,,8,19,,,,7,2,2019-10-15 06:55:00,2019-10-15 06:55:00,read,0,
168,32,,33,7,,,,12,10,2019-10-03 18:23:00,2019-10-03 18:23:00,read,0,
169,23,,87,6,,,,19,6,2019-10-05 17:14:00,2019-10-05 17:14:00,read,0,
170,48,,64,18,,,,6,11,2019-10-09 14:25:00,2019-10-09 14:25:00,read,0,
171,25,,61,4,,,,9,4,2019-10-04 03:05:00,2019-10-04 03:05:00,read,0,
172,12,,68,3,,,,15,9,2019-10-15 04:36:00,2019-10-15 04:36:00,read,0,
173,44,,27,20,,,,15,10,2019-10-03 23:23:00,2019-10-03 23:23:00,read,0,
174,5,,30,19,,,,19,20,2019-10-08 22:25:00,2019-10-08 22:25:00,read,0,
175,36,,21,9,,,,7,20,2019-10-01 11:02:00,2019-10-01 11:02:00,read,0,
176,88,,18,7,,,,15,16,2019-10-13 18:47:00,2019-10-13 18:47:00,read,0,
177,,,,4,,,13,,99,2019-10-11 02:06:00,2019-10-11 02:06:00,write,0,
178,,,,1,,,7,,99,2019-10-15 05:55:00,2019-10-15 05:55:00,write,0,
179,,,,10,,,12,,99,2019-10-03 16:23:00,2019-10-03 16:23:00,write,0,
180,,,,16,,,19,,99,2019-10-05 16:14:00,2019-10-05 16:14:00,write,0,
181,,,,14,,,6,,99,2019-10-09 13:25:00,2019-10-09 13:25:00,write,0,
182,,,,12,,,9,,99,2019-10-04 02:05:00,2019-10-04 02:05:00,write,0,
183,,,,20,,,15,,98,2019-10-15 03:36:00,2019-10-15 03:36:00,write,0,
184,,,,4,,,15,,98,2019-10-03 22:23:00,2019-10-03 22:23:00,write,0,
185,,,,1,,,19,,98,2019-10-08 22:15:00,2019-10-08 22:15:00,write,0,
186,,,,10,,,7,,98,2019-10-01 10:02:00,2019-10-01 10:02:00,write,0,
187,,,,4,,,15,,98,2019-10-13 18:37:00,2019-10-13 18:37:00,write,0,
188,,,,7,,,13,,98,2019-10-11 02:06:00,2019-10-11 02:06:00,write,0,
189,,,,2,,,7,,98,2019-10-15 04:55:00,2019-10-15 04:55:00,write,0,
190,,,,14,,,12,,98,2019-10-03 18:13:00,2019-10-03 18:13:00,write,0,
191,,,,13,,,19,,98,2019-10-05 17:04:00,2019-10-05 17:04:00,write,0,
192,,,,10,,,6,,97,2019-10-09 14:15:00,2019-10-09 14:15:00,write,0,
193,,,,3,,,9,,97,2019-10-04 02:05:00,2019-10-04 02:05:00,write,0,
194,,,,8,,,15,,97,2019-10-15 03:36:00,2019-10-15 03:36:00,write,0,
195,,,,13,,,15,,97,2019-10-03 22:23:00,2019-10-03 22:23:00,write,0,
196,,,,4,,,19,,97,2019-10-08 20:25:00,2019-10-08 20:25:00,write,0,
197,,,,14,,,7,,97,2019-10-01 09:02:00,2019-10-01 09:02:00,write,0,
198,,,,12,,,15,,97,2019-10-13 16:47:00,2019-10-13 16:47:00,write,0,
199,,,8,13,194.109.57.125,,,,99,2019-10-06 09:46:00,,login,0,
200,,,9,1,194.109.57.125,,,,98,2019-10-12 12:52:00,,login,0,
201,,,17,19,194.109.57.125,,,,97,2019-10-03 21:19:00,,login,0,
202,,,96,6,194.109.57.125,,,,99,2019-10-11 06:01:00,,login,0,
203,,,39,6,194.109.57.125,,,,98,2019-10-04 04:10:00,,login,0,
204,,,54,7,71.77.65.113,,,,99,2019-10-03 12:38:00,,login,0,
205,,,30,16,100.164.82.69,,,,98,2019-10-15 06:56:00,,login,0,
206,,,34,1,71.77.65.113,,,,97,2019-10-01 22:32:00,,login,0,
207,,,39,7,168.13.144.184,,,39,,2019-10-15 06:56:00,,read,0,
208,,,2,9,124.125.146.4,,,40,,2019-10-15 06:56:00,,read,0,
209,,,48,19,247.168.10.210,,,41,,2019-10-15 06:56:00,,read,0,
210,,,1,15,167.164.71.166,,,42,,2019-10-15 06:56:00,,read,0,
211,,,25,20,145.30.135.53,,,43,,2019-10-15 06:56:00,,read,0,
212,,,85,7,69.84.115.130,,,44,,2019-10-15 06:56:00,,read,0,
213,,,8,19,197.225.75.18,,,39,,2019-10-15 06:56:00,,read,0,
214,,,9,20,115.159.106.242,,,40,,2019-10-15 06:56:00,,read,0,
215,,,17,1,168.13.144.184,,,41,,2019-10-15 06:56:00,,read,0,
216,,,96,3,124.125.146.4,,,42,,2019-10-15 06:56:00,,read,0,
217,,,39,20,247.168.10.210,,,39,,2019-10-15 06:56:00,,read,0,
218,,,54,6,167.164.71.166,,,40,,2019-10-15 06:56:00,,read,0,
219,,,30,4,145.30.135.53,,,39,,2019-10-15 06:56:00,,read,0,
220,,,34,12,69.84.115.130,,,40,,2019-10-15 06:56:00,,read,0,
221,,,39,1,197.225.75.18,,,41,,2019-10-15 06:56:00,,read,0,
222,,,2,3,115.159.106.242,,,42,,2019-10-15 06:56:00,,read,0,
223,,,48,20,82.34.149.208,,,43,,2019-10-15 06:56:00,,read,0,
224,,,1,6,231.216.207.77,,,44,,2019-10-15 06:56:00,,read,0,
225,,4,,,,,,,97,2019-10-11 06:01:00,,request,0,EP1
226,,12,,,,,,,98,2019-10-11 06:01:00,,request,0,EP1
227,,11,,,,,,,99,2019-10-11 06:01:00,,request,0,EP1
228,,11,,,,,,,100,2019-10-11 06:01:00,,request,0,EP1
229,,11,,,,,,,101,2019-10-11 06:01:00,,request,0,EP1
230,,11,,,,,,,102,2019-10-11 06:01:00,,request,0,EP1
231,,11,,,,,,,103,2019-10-11 06:01:00,,request,0,EP1
232,,11,,,,,,,104,2019-10-11 06:01:00,,request,0,EP1
233,,11,,,,,,,105,2019-10-11 06:01:00,,request,0,EP1
234,,11,,,,,,,106,2019-10-11 06:01:00,,request,0,EP1
235,,11,,,,,,,107,2019-10-11 06:01:00,,request,0,EP1
236,,11,,,,,,,108,2019-10-11 06:01:00,,request,0,EP1
237,,11,,,,,,,109,2019-10-11 06:01:00,,request,0,EP1
238,,11,,,,,,,110,2019-10-11 06:01:00,,request,0,EP1
239,,11,,,,,,,111,2019-10-11 06:01:00,,request,0,EP1
240,,11,,,,,,,112,2019-10-11 06:01:00,,request,0,EP1
241,,11,,,,,,,113,2019-10-11 06:01:00,,request,0,EP1
242,,11,,,,,,,114,2019-10-11 06:01:00,,request,0,EP1
243,,11,,,,,,,115,2019-10-11 06:01:00,,request,0,EP1
244,,11,,,,,,,116,2019-10-11 06:01:00,,request,0,EP1
245,,11,,,,,,,117,2019-10-11 06:01:00,,request,0,EP1
246,,11,,,,,,,118,2019-10-11 06:01:00,,request,0,EP1
247,,11,,,,,,,119,2019-10-11 06:01:00,,request,0,EP1
248,,11,,,,,,,120,2019-10-11 06:01:00,,request,0,EP1
249,,11,,,,,,,121,2019-10-11 06:01:00,,request,0,EP1
250,,11,,,,,,,122,2019-10-11 06:01:00,,request,0,EP1
251,,11,,,,,,,123,2019-10-11 06:01:00,,request,0,EP1
252,,11,,,,,,,124,2019-10-11 06:01:00,,request,0,EP1
253,,11,,,,,,,125,2019-10-11 06:01:00,,request,0,EP1
254,,11,,,,,,,126,2019-10-11 06:01:00,,request,0,EP1
255,,11,,,,,,,127,2019-10-11 06:01:00,,request,0,EP1
256,,11,,,,,,,128,2019-10-11 06:01:00,,request,0,EP1
257,,11,,,,,,,129,2019-10-11 06:01:00,,request,0,EP1
258,,11,,,,,,,130,2019-10-11 06:01:00,,request,0,EP1
259,,11,,,,,,,131,2019-10-11 06:01:00,,request,0,EP1
260,,11,,,,,,,132,2019-10-11 06:01:00,,request,0,EP1
261,,11,,,,,,,133,2019-10-11 06:01:00,,request,0,EP1
262,,11,,,,,,,134,2019-10-11 06:01:00,,request,0,EP1
263,,11,,,,,,,135,2019-10-11 06:01:00,,request,0,EP1
264,,11,,,,,,,136,2019-10-11 06:01:00,,request,0,EP1
265,,11,,,,,,,137,2019-10-11 06:01:00,,request,0,EP1
266,,11,,,,,,,138,2019-10-11 06:01:00,,request,0,EP1
267,,11,,,,,,,139,2019-10-11 06:01:00,,request,0,EP1
268,,11,,,,,,,140,2019-10-11 06:01:00,,request,0,EP1
269,,11,,,,,,,141,2019-10-11 06:01:00,,request,0,EP1
270,,11,,,,,,,142,2019-10-11 06:01:00,,request,0,EP1
271,,11,,,,,,,143,2019-10-11 06:01:00,,request,0,EP1
272,,11,,,,,,,144,2019-10-11 06:01:00,,request,0,EP1
273,,11,,,,,,,145,2019-10-11 06:01:00,,request,0,EP1
274,,11,,,,,,,146,2019-10-11 06:01:00,,request,0,EP1
275,,11,,,,,,,147,2019-10-11 06:01:00,,request,0,EP1
276,,11,,,,,,,148,2019-10-11 06:01:00,,request,0,EP1
277,,11,,,,,,,149,2019-10-11 06:01:00,,request,0,EP1
278,,11,,,,,,,150,2019-10-11 06:01:00,,request,0,EP1
279,,11,,,,,,,151,2019-10-11 06:01:00,,request,0,EP1
280,,12,,,,,,,152,2019-10-11 06:01:00,,request,0,EP1
281,,12,,,,,,,153,2019-10-11 06:01:00,,request,0,EP1
282,,12,,,,,,,154,2019-10-11 06:01:00,,request,0,EP1
283,,12,,,,,,,155,2019-10-11 06:01:00,,request,0,EP1
284,,12,,,,,,,156,2019-10-11 06:01:00,,request,0,EP1
285,,12,,,,,,,157,2019-10-11 06:01:00,,request,0,EP1
286,,12,,,,,,,158,2019-10-11 06:01:00,,request,0,EP1
287,,12,,,,,,,159,2019-10-11 06:01:00,,request,0,EP1
288,,12,,,,,,,160,2019-10-11 06:01:00,,request,0,EP1
289,,12,,,,,,,161,2019-10-11 06:01:00,,request,0,EP1
290,,12,,,,,,,162,2019-10-11 06:01:00,,request,0,EP1
291,,12,,,,,,,163,2019-10-11 06:01:00,,request,0,EP1
292,,12,,,,,,,164,2019-10-11 06:01:00,,request,0,EP1
293,,12,,,,,,,165,2019-10-11 06:01:00,,request,0,EP1
294,,12,,,,,,,166,2019-10-11 06:01:00,,request,0,EP1
295,,12,,,,,,,167,2019-10-11 06:01:00,,request,0,EP1
296,,12,,,,,,,168,2019-10-11 06:01:00,,request,0,EP1
297,,12,,,,,,,169,2019-10-11 06:01:00,,request,0,EP1
298,,12,,,,,,,170,2019-10-11 06:01:00,,request,0,EP1
299,,12,,,,,,,171,2019-10-11 06:01:00,,request,0,EP1
300,,12,,,,,,,172,2019-10-11 06:01:00,,request,0,EP1
301,,12,,,,,,,173,2019-10-11 06:01:00,,request,0,EP1
302,,12,,,,,,,174,2019-10-11 06:01:00,,request,0,EP1
303,,12,,,,,,,175,2019-10-11 06:01:00,,request,0,EP1
304,,12,,,,,,,176,2019-10-11 06:01:00,,request,0,EP1
305,,12,,,,,,,177,2019-10-11 06:01:00,,request,0,EP1
306,,12,,,,,,,178,2019-10-11 06:01:00,,request,0,EP1
307,,12,,,,,,,179,2019-10-11 06:01:00,,request,0,EP1
308,,12,,,,,,,180,2019-10-11 06:01:00,,request,0,EP1
309,,12,,,,,,,181,2019-10-11 06:01:00,,request,0,EP1
310,,12,,,,,,,182,2019-10-11 06:01:00,,request,0,EP1
311,,12,,,,,,,183,2019-10-11 06:01:00,,request,0,EP1
312,,12,,,,,,,184,2019-10-11 06:01:00,,request,0,EP1
313,,12,,,,,,,185,2019-10-11 06:01:00,,request,0,EP1
314,,12,,,,,,,186,2019-10-11 06:01:00,,request,0,EP1
315,,12,,,,,,,187,2019-10-11 06:01:00,,request,0,EP1
316,,12,,,,,,,188,2019-10-11 06:01:00,,request,0,EP1
317,,12,,,,,,,189,2019-10-11 06:01:00,,request,0,EP1
318,,12,,,,,,,190,2019-10-11 06:01:00,,request,0,EP1
319,,12,,,,,,,191,2019-10-11 06:01:00,,request,0,EP1
320,,12,,,,,,,192,2019-10-11 06:01:00,,request,0,EP1
321,,12,,,,,,,193,2019-10-11 06:01:00,,request,0,EP1
322,,12,,,,,,,194,2019-10-11 06:01:00,,request,0,EP1
323,,12,,,,,,,195,2019-10-11 06:01:00,,request,0,EP1
324,,12,,,,,,,196,2019-10-11 06:01:00,,request,0,EP1
325,,12,,,,,,,197,2019-10-11 06:01:00,,request,0,EP1
326,,12,,,,,,,198,2019-10-11 06:01:00,,request,0,EP1
327,,12,,,,,,,199,2019-10-11 06:01:00,,request,0,EP1
328,,12,,,120.80.130.201,,,,,2019-10-11 06:01:00,,request,0,EP1
329,,11,,,12.56.199.194,,,,,2019-10-11 06:01:00,,request,0,EP1
330,,11,,,202.162.214.35,,,,,2019-10-11 06:01:00,,request,0,EP1
331,,11,,,165.15.4.65,,,,,2019-10-11 06:01:00,,request,0,EP1
332,,11,,,52.39.174.203,,,,,2019-10-11 06:01:00,,request,0,EP1
333,,11,,,131.92.235.24,,,,,2019-10-11 06:01:00,,request,0,EP1
334,,11,,,217.184.183.186,,,,,2019-10-11 06:01:00,,request,0,EP1
335,,11,,,158.214.250.58,,,,,2019-10-11 06:01:00,,request,0,EP1
336,,11,,,70.216.184.170,,,,,2019-10-11 06:01:00,,request,0,EP1
337,,11,,,205.114.234.251,,,,,2019-10-11 06:01:00,,request,0,EP1
338,,11,,,51.230.244.8,,,,,2019-10-11 06:01:00,,request,0,EP1
339,,11,,,224.110.11.72,,,,,2019-10-11 06:01:00,,request,0,EP1
340,,11,,,217.71.31.117,,,,,2019-10-11 06:01:00,,request,0,EP1
341,,11,,,52.0.115.130,,,,,2019-10-11 06:01:00,,request,0,EP1
342,,11,,,230.114.233.47,,,,,2019-10-11 06:01:00,,request,0,EP1
343,,11,,,123.97.219.168,,,,,2019-10-11 06:01:00,,request,0,EP1
344,,11,,,191.99.75.101,,,,,2019-10-11 06:01:00,,request,0,EP1
345,,11,,,29.77.18.34,,,,,2019-10-11 06:01:00,,request,0,EP1
346,,11,,,194.74.87.144,,,,,2019-10-11 06:01:00,,request,0,EP1
347,,11,,,151.100.42.116,,,,,2019-10-11 06:01:00,,request,0,EP1
348,,11,,,99.223.177.175,,,,,2019-10-11 06:01:00,,request,0,EP1
349,,11,,,142.214.227.100,,,,,2019-10-11 06:01:00,,request,0,EP1
350,,11,,,187.48.251.129,,,,,2019-10-11 06:01:00,,request,0,EP1
351,,11,,,64.214.193.160,,,,,2019-10-11 06:01:00,,request,0,EP1
352,,11,,,130.106.38.250,,,,,2019-10-11 06:01:00,,request,0,EP1
353,,11,,,119.108.63.252,,,,,2019-10-11 06:01:00,,request,0,EP1
354,,11,,,11.176.204.33,,,,,2019-10-11 06:01:00,,request,0,EP1
355,,11,,,220.98.222.84,,,,,2019-10-11 06:01:00,,request,0,EP1
356,,11,,,55.93.234.44,,,,,2019-10-11 06:01:00,,request,0,EP1
357,,11,,,254.103.85.218,,,,,2019-10-11 06:01:00,,request,0,EP1
358,,11,,,171.60.31.211,,,,,2019-10-11 06:01:00,,request,0,EP1
359,,11,,,39.226.140.179,,,,,2019-10-11 06:01:00,,request,0,EP1
360,,11,,,31.79.224.25,,,,,2019-10-11 06:01:00,,request,0,EP1
361,,11,,,178.5.83.123,,,,,2019-10-11 06:01:00,,request,0,EP1
362,,11,,,69.173.117.116,,,,,2019-10-11 06:01:00,,request,0,EP1
363,,11,,,11.252.237.47,,,,,2019-10-11 06:01:00,,request,0,EP1
364,,11,,,7.137.121.113,,,,,2019-10-11 06:01:00,,request,0,EP1
365,,11,,,112.174.86.33,,,,,2019-10-11 06:01:00,,request,0,EP1
366,,11,,,153.106.237.56,,,,,2019-10-11 06:01:00,,request,0,EP1
367,,11,,,158.54.32.218,,,,,2019-10-11 06:01:00,,request,0,EP1
368,,11,,,139.201.222.73,,,,,2019-10-11 06:01:00,,request,0,EP1
369,,11,,,130.238.81.52,,,,,2019-10-11 06:01:00,,request,0,EP1
370,,11,,,11.107.155.44,,,,,2019-10-11 06:01:00,,request,0,EP1
371,,11,,,61.212.50.113,,,,,2019-10-11 06:01:00,,request,0,EP1
372,,11,,,15.74.43.221,,,,,2019-10-11 06:01:00,,request,0,EP1
373,,11,,,32.240.99.180,,,,,2019-10-11 06:01:00,,request,0,EP1
374,,11,,,205.42.151.125,,,,,2019-10-11 06:01:00,,request,0,EP1
375,,11,,,17.245.206.43,,,,,2019-10-11 06:01:00,,request,0,EP1
376,,11,,,85.161.115.225,,,,,2019-10-11 06:01:00,,request,0,EP1
377,,11,,,161.215.135.229,,,,,2019-10-11 06:01:00,,request,0,EP1
378,,11,,,242.4.237.2,,,,,2019-10-11 06:01:00,,request,0,EP1
379,,11,,,205.42.151.125,,,,,2019-10-11 06:01:00,,request,0,EP1
380,,11,,,17.245.206.43,,,,,2019-10-11 06:01:00,,request,0,EP1
381,,11,,,69.84.115.130,,,,,2019-10-11 06:01:00,,request,0,EP1
382,,12,,,,,,,5,2019-10-11 06:01:00,,request,0,EP1
383,,12,,,,,,,15,2019-10-11 06:01:00,,request,0,EP1
384,,12,,,,,,,17,2019-10-11 06:01:00,,request,0,EP1
385,,12,,,,,,,17,2019-10-11 06:01:00,,request,0,EP1
386,,12,,,,,,,12,2019-10-11 06:01:00,,request,0,EP1
387,,12,,,,,,,13,2019-10-11 06:01:00,,request,0,EP1
388,,12,,,,,,,11,2019-10-11 06:01:00,,request,0,EP1
389,,12,,,,,,,10,2019-10-11 06:01:00,,request,0,EP1
390,,12,,,,,,,14,2019-10-11 06:01:00,,request,0,EP1
391,,12,,,,,,,6,2019-10-11 06:01:00,,request,0,EP1
392,,12,,,,,,,1,2019-10-11 06:01:00,,request,0,EP1
393,,12,,,,,,,9,2019-10-11 06:01:00,,request,0,EP1
394,,12,,,,,,,17,2019-10-11 06:01:00,,request,0,EP1
395,,12,,,,,,,20,2019-10-11 06:01:00,,request,0,EP1
396,,12,,,,,,,14,2019-10-11 06:01:00,,request,0,EP1
397,,12,,,,,,,19,2019-10-11 06:01:00,,request,0,EP1
398,,12,,,,,,,16,2019-10-11 06:01:00,,request,0,EP1
399,,12,,,,,,,2,2019-10-11 06:01:00,,request,0,EP1
400,,12,,,,,,,4,2019-10-11 06:01:00,,request,0,EP1
401,,12,,,,,,,5,2019-10-11 06:01:00,,request,0,EP1
402,,12,,,,,,,17,2019-10-11 06:01:00,,request,0,EP1
403,,12,,,,,,,1,2019-10-11 06:01:00,,request,0,EP1
404,,12,,,,,,,8,2019-10-11 06:01:00,,request,0,EP1
405,,12,,,,,,,11,2019-10-11 06:01:00,,request,0,EP1
406,,12,,,,,,,20,2019-10-11 06:01:00,,request,0,EP1
407,,12,,,,,,,8,2019-10-11 06:01:00,,request,0,EP1
408,,12,,,,,,,6,2019-10-11 06:01:00,,request,0,EP1
409,,12,,,,,,,11,2019-10-11 06:01:00,,request,0,EP1
410,,12,,,,,,,19,2019-10-11 06:01:00,,request,0,EP1
411,,12,,,,,,,8,2019-10-11 06:01:00,,request,0,EP1
412,,12,,,,,,,5,2019-10-11 06:01:00,,request,0,EP1
413,,12,,,,,,,12,2019-10-11 06:01:00,,request,0,EP1
414,,12,,,,,,,5,2019-10-11 06:01:00,,request,0,EP1
415,,12,,,,,,,13,2019-10-11 06:01:00,,request,0,EP1
416,,12,,,,,,,3,2019-10-11 06:01:00,,request,0,EP1
417,,12,,,,,,,8,2019-10-11 06:01:00,,request,0,EP1
418,,12,,,,,,,9,2019-10-11 06:01:00,,request,0,EP1
419,,12,,,,,,,9,2019-10-11 06:01:00,,request,0,EP1
420,,12,,,,,,,1,2019-10-11 06:01:00,,request,0,EP1
421,,12,,,,,,,7,2019-10-11 06:01:00,,request,0,EP1
422,,12,,,,,,,3,2019-10-11 06:01:00,,request,0,EP1
423,,12,,,,,,,2,2019-10-11 06:01:00,,request,0,EP1
424,,12,,,,,,,11,2019-10-11 06:01:00,,request,0,EP1
425,,12,,,,,,,18,2019-10-11 06:01:00,,request,0,EP1
426,,12,,,,,,,2,2019-10-11 06:01:00,,request,0,EP1
427,,12,,,,,,,18,2019-10-11 06:01:00,,request,0,EP1
428,,12,,,,,,,1,2019-10-11 06:01:00,,request,0,EP1
429,,12,,,,,,,1,2019-10-11 06:01:00,,request,0,EP1
430,,13,,,,,,,1,2019-05-01 11:10:11,,request,,EP2
431,,13,,,,,,,1,2019-05-01 11:10:11,,request,,EP3
432,,13,,,,,,,1,2019-05-01 11:10:11,,request,,EP4
433,,13,,,,,,,1,2019-05-01 11:10:11,,request,,EP5
434,,13,,,,,,,1,2019-05-01 11:10:11,,request,,EP6
435,,13,,,,,,,1,2019-05-01 11:10:11,,request,,EP7
436,,13,,,,,,,1,2019-05-01 11:10:11,,request,,EP8
437,,13,,,,,,,1,2019-05-01 11:10:11,,request,,EP9
438,,13,,,,,,,1,2019-05-01 11:10:11,,request,,EP10
439,,13,,,,,,,1,2019-05-01 11:10:11,,request,,EP11
440,,13,,,,,,,1,2019-05-01 11:10:11,,request,,EP12
441,,13,,,,,,,1,2019-05-01 11:10:11,,request,,EP13
442,,13,,,,,,,1,2019-05-01 11:10:11,,request,,EP14
443,,13,,,,,,,1,2019-05-01 11:10:11,,request,,EP15
444,,14,,,,,,,1,2019-05-01 11:10:11,,request,,EP2
445,,14,,,,,,,1,2019-05-01 11:10:11,,request,,EP3
446,,14,,,,,,,1,2019-05-01 11:10:11,,request,,EP4
447,,14,,,,,,,1,2019-05-01 11:10:11,,request,,EP5
448,,14,,,,,,,1,2019-05-01 11:10:11,,request,,EP6
449,,14,,,,,,,1,2019-05-01 11:10:11,,request,,EP7
450,,14,,,,,,,1,2019-05-01 11:10:11,,request,,EP8
451,,14,,,,,,,1,2019-05-01 11:10:11,,request,,EP9
452,,14,,,,,,,1,2019-05-01 11:10:11,,request,,EP10
453,,14,,,,,,,1,2019-05-01 11:10:11,,request,,EP11
454,,14,,,,,,,1,2019-05-01 11:10:11,,request,,EP12
455,,14,,,,,,,1,2019-05-01 11:10:11,,request,,EP13
456,,14,,,,,,,1,2019-05-01 11:10:11,,request,,EP14
457,,14,,,,,,,1,2019-05-01 11:10:11,,request,,EP15
458,,,,,216.61.220.149,,,,97,2019-10-11 06:01:00,,login,,
459,,,,,216.61.220.149,,,,98,2019-10-11 06:01:00,,login,,
460,,,,,216.61.220.149,,,,99,2019-10-11 06:01:00,,login,,
461,,,,,216.61.220.149,,,,100,2019-10-11 06:01:00,,login,,
462,,,,,216.61.220.149,,,,101,2019-10-11 06:01:00,,login,,
463,,,,,216.61.220.149,,,,102,2019-10-11 06:01:00,,login,,
464,,,,,216.61.220.149,,,,103,2019-10-11 06:01:00,,login,,
465,,,,,216.61.220.149,,,,104,2019-10-11 06:01:00,,login,,
466,,,,,216.61.220.149,,,,105,2019-10-11 06:01:00,,login,,
467,,,,,216.61.220.149,,,,106,2019-10-11 06:01:00,,login,,
468,,,,,216.61.220.149,,,,107,2019-10-11 06:01:00,,login,,
469,,,,,216.61.220.149,,,,108,2019-10-11 06:01:00,,login,,
470,,,,,216.61.220.149,,,,109,2019-10-11 06:01:00,,login,,
471,,,,,216.61.220.149,,,,110,2019-10-11 06:01:00,,login,,
472,,,,,216.61.220.149,,,,111,2019-10-11 06:01:00,,login,,
473,,,,,216.61.220.149,,,,112,2019-10-11 06:01:00,,login,,
474,,,,,216.61.220.149,,,,113,2019-10-11 06:01:00,,login,,
475,,,,,216.61.220.149,,,,114,2019-10-11 06:01:00,,login,,
476,,,,,216.61.220.149,,,,115,2019-10-11 06:01:00,,login,,
477,,,,,216.61.220.149,,,,116,2019-10-11 06:01:00,,login,,
478,,,,,216.61.220.149,,,,117,2019-10-11 06:01:00,,login,,
479,,,,,216.61.220.149,,,,118,2019-10-11 06:01:00,,login,,
480,,,,,216.61.220.149,,,,119,2019-10-11 06:01:00,,login,,
481,,,,,216.61.220.149,,,,120,2019-10-11 06:01:00,,login,,
482,,,,,216.61.220.149,,,,121,2019-10-11 06:01:00,,login,,
483,,,,,216.61.220.149,,,,122,2019-10-11 06:01:00,,login,,
484,,,,,230.114.233.47,,,,123,2019-10-11 06:01:00,,login,,
485,,,,,123.97.219.168,,,,124,2019-10-11 06:01:00,,login,,
486,,,,,191.99.75.101,,,,125,2019-10-11 06:01:00,,login,,
487,,,,,29.77.18.34,,,,126,2019-10-11 06:01:00,,login,,
488,,,,,194.74.87.144,,,,127,2019-10-11 06:01:00,,login,,
489,,,,,151.100.42.116,,,,128,2019-10-11 06:01:00,,login,,
490,,,,,99.223.177.175,,,,129,2019-10-11 06:01:00,,login,,
491,,,,,142.214.227.100,,,,130,2019-10-11 06:01:00,,login,,
492,,,,,187.48.251.129,,,,131,2019-10-11 06:01:00,,login,,
493,,,,,64.214.193.160,,,,132,2019-10-11 06:01:00,,login,,
494,,,,,130.106.38.250,,,,133,2019-10-11 06:01:00,,login,,
495,,,,,119.108.63.252,,,,134,2019-10-11 06:01:00,,login,,
496,,,,,216.61.220.149,,,,135,2019-10-11 06:01:00,,login,,
497,,,,,216.61.220.149,,,,136,2019-10-11 06:01:00,,login,,
498,,,,,216.61.220.149,,,,137,2019-10-11 06:01:00,,login,,
499,,,,,216.61.220.149,,,,138,2019-10-11 06:01:00,,login,,
500,,,,,216.61.220.149,,,,139,2019-10-11 06:01:00,,login,,
501,,,,,216.61.220.149,,,,140,2019-10-11 06:01:00,,login,,
502,,,,,216.61.220.149,,,,141,2019-10-11 06:01:00,,login,,
503,,,,,216.61.220.149,,,,142,2019-10-11 06:01:00,,login,,
504,,,,,216.61.220.149,,,,143,2019-10-11 06:01:00,,login,,
505,,,,,216.61.220.149,,,,144,2019-10-11 06:01:00,,login,,
506,,,,,216.61.220.149,,,,145,2019-10-11 06:01:00,,login,,
507,,,,,216.61.220.149,,,,146,2019-10-11 06:01:00,,login,,
508,,,,,216.61.220.149,,,,147,2019-10-11 06:01:00,,login,,
509,,,,,216.61.220.149,,,,148,2019-10-11 06:01:00,,login,,
510,,,,,216.61.220.149,,,,149,2019-10-11 06:01:00,,login,,
511,,,,,216.61.220.149,,,,150,2019-10-11 06:01:00,,login,,
512,,,,,216.61.220.149,,,,151,2019-10-11 06:01:00,,login,,
513,,,,,216.61.220.149,,,,152,2019-10-11 06:01:00,,login,,
514,,,,,216.61.220.149,,,,153,2019-10-11 06:01:00,,login,,
515,,,,,216.61.220.149,,,,154,2019-10-11 06:01:00,,login,,
516,,,,,216.61.220.149,,,,155,2019-10-11 06:01:00,,login,,
517,,,,,216.61.220.149,,,,156,2019-10-11 06:01:00,,login,,
518,,,,,216.61.220.149,,,,157,2019-10-11 06:01:00,,login,,
519,,,,,216.61.220.149,,,,158,2019-10-11 06:01:00,,login,,
520,,,,,216.61.220.149,,,,159,2019-10-11 06:01:00,,login,,
521,,,,,216.61.220.149,,,,160,2019-10-11 06:01:00,,login,,
522,,,,,216.61.220.149,,,,161,2019-10-11 06:01:00,,login,,
523,,,,,216.61.220.149,,,,162,2019-10-11 06:01:00,,login,,
524,,,,,216.61.220.149,,,,163,2019-10-11 06:01:00,,login,,
525,,,,,216.61.220.149,,,,164,2019-10-11 06:01:00,,login,,
526,,,,,216.61.220.149,,,,165,2019-10-11 06:01:00,,login,,
527,,,,,216.61.220.149,,,,166,2019-10-11 06:01:00,,login,,
528,,,,,216.61.220.149,,,,167,2019-10-11 06:01:00,,login,,
529,,,,,216.61.220.149,,,,168,2019-10-11 06:01:00,,login,,
530,,,,,216.61.220.149,,,,169,2019-10-11 06:01:00,,login,,
531,,,,,216.61.220.149,,,,170,2019-10-11 06:01:00,,login,,
532,,,,,216.61.220.149,,,,171,2019-10-11 06:01:00,,login,,
533,,,,,216.61.220.149,,,,172,2019-10-11 06:01:00,,login,,
534,,,,,216.61.220.149,,,,173,2019-10-11 06:01:00,,login,,
535,,,,,216.61.220.149,,,,174,2019-10-11 06:01:00,,login,,
536,,,,,216.61.220.149,,,,175,2019-10-11 06:01:00,,login,,
537,,,,,216.61.220.149,,,,176,2019-10-11 06:01:00,,login,,
538,,,,,216.61.220.149,,,,177,2019-10-11 06:01:00,,login,,
539,,,,,216.61.220.149,,,,178,2019-10-11 06:01:00,,login,,
540,,,,,216.61.220.149,,,,179,2019-10-11 06:01:00,,login,,
541,,,,,216.61.220.149,,,,180,2019-10-11 06:01:00,,login,,
542,,,,,216.61.220.149,,,,181,2019-10-11 06:01:00,,login,,
543,,,,,216.61.220.149,,,,182,2019-10-11 06:01:00,,login,,
544,,,,,216.61.220.149,,,,183,2019-10-11 06:01:00,,login,,
545,,,,,216.61.220.149,,,,184,2019-10-11 06:01:00,,login,,
546,,,,,216.61.220.149,,,,185,2019-10-11 06:01:00,,login,,
547,,,,,216.61.220.149,,,,186,2019-10-11 06:01:00,,login,,
548,,,,,216.61.220.149,,,,187,2019-10-11 06:01:00,,login,,
549,,,,,216.61.220.149,,,,188,2019-10-11 06:01:00,,login,,
550,,,,,216.61.220.149,,,,189,2019-10-11 06:01:00,,login,,
551,,,,,194.74.87.144,,,,190,2019-10-11 06:01:00,,login,,
552,,,,,151.100.42.116,,,,191,2019-10-11 06:01:00,,login,,
553,,,,,99.223.177.175,,,,192,2019-10-11 06:01:00,,login,,
554,,,,,142.214.227.100,,,,193,2019-10-11 06:01:00,,login,,
555,,,,,187.48.251.129,,,,194,2019-10-11 06:01:00,,login,,
556,,,,,64.214.193.160,,,,195,2019-10-11 06:01:00,,login,,
557,,,,,130.106.38.250,,,,196,2019-10-11 06:01:00,,login,,
558,,,,,119.108.63.252,,,,197,2019-10-11 06:01:00,,login,,
559,,,,,11.176.204.33,,,,198,2019-10-11 06:01:00,,login,,
560,,,,,220.98.222.84,,,,199,2019-10-11 06:01:00,,login,,
561,,13,,,,,,,1,2019-05-01 11:10:11,,request,,EP16
562,,13,,,,,,,1,2019-05-01 11:10:11,,request,,EP17
563,,13,,,,,,,1,2019-05-01 11:10:11,,request,,EP18
564,,13,,,,,,,1,2019-05-01 11:10:11,,request,,EP19
565,,13,,,,,,,1,2019-05-01 11:10:11,,request,,EP20
566,,13,,,,,,,1,2019-05-01 11:10:11,,request,,EP21
567,,13,,,,,,,1,2019-05-01 11:10:11,,request,,EP22
568,,13,,,,,,,1,2019-05-01 11:10:11,,request,,EP23
569,,13,,,,,,,1,2019-05-01 11:10:11,,request,,EP24
570,,13,,,,,,,1,2019-05-01 11:10:11,,request,,EP25
571,,13,,,,,,,1,2019-05-01 11:10:11,,request,,EP26
572,,13,,,,,,,1,2019-05-01 11:10:11,,request,,EP27
573,,13,,,,,,,1,2019-05-01 11:10:11,,request,,EP28
574,,14,,,,,,,1,2019-05-01 11:10:11,,request,,EP29
575,,14,,,,,,,1,2019-05-01 11:10:11,,request,,EP30
576,,14,,,,,,,1,2019-05-01 11:10:11,,request,,EP31
577,,14,,,,,,,1,2019-05-01 11:10:11,,request,,EP32
578,,14,,,,,,,1,2019-05-01 11:10:11,,request,,EP33
579,,14,,,,,,,1,2019-05-01 11:10:11,,request,,EP34
580,,14,,,,,,,1,2019-05-01 11:10:11,,request,,EP35
581,,14,,,,,,,1,2019-05-01 11:10:11,,request,,EP36
582,,14,,,,,,,1,2019-05-01 11:10:11,,request,,EP37
583,,14,,,,,,,1,2019-05-01 11:10:11,,request,,EP38
584,,14,,,,,,,1,2019-05-01 11:10:11,,request,,EP39
585,,14,,,,,,,1,2019-05-01 11:10:11,,request,,EP40
586,,14,,,,,,,1,2019-05-01 11:10:11,,request,,EP41
587,,14,,,,,,,1,2019-05-01 11:10:11,,request,,EP42
588,,13,,,,,,,1,2019-05-01 11:10:11,,request,,EP43
589,,13,,,,,,,1,2019-05-01 11:10:11,,request,,EP44
590,,13,,,,,,,1,2019-05-01 11:10:11,,request,,EP45
591,,13,,,,,,,1,2019-05-01 11:10:11,,request,,EP46
592,,13,,,,,,,1,2019-05-01 11:10:11,,request,,EP47
593,,13,,,,,,,1,2019-05-01 11:10:11,,request,,EP48
594,,13,,,,,,,1,2019-05-01 11:10:11,,request,,EP49
595,,13,,,,,,,1,2019-05-01 11:10:11,,request,,EP50
596,,13,,,,,,,1,2019-05-01 11:10:11,,request,,EP51
597,,13,,,,,,,1,2019-05-01 11:10:11,,request,,EP52
598,,13,,,,,,,1,2019-05-01 11:10:11,,request,,EP53
599,,13,,,,,,,1,2019-05-01 11:10:11,,request,,EP54
600,,13,,,,,,,1,2019-05-01 11:10:11,,request,,EP55
601,,14,,,,,,,1,2019-05-01 11:10:11,,request,,EP56
602,,14,,,,,,,1,2019-05-01 11:10:11,,request,,EP57
603,,14,,,,,,,1,2019-05-01 11:10:11,,request,,EP58
604,,14,,,,,,,1,2019-05-01 11:10:11,,request,,EP59
605,,14,,,,,,,1,2019-05-01 11:10:11,,request,,EP60
606,,14,,,,,,,1,2019-05-01 11:10:11,,request,,EP61
607,,14,,,,,,,1,2019-05-01 11:10:11,,request,,EP62
608,,14,,,,,,,1,2019-05-01 11:10:11,,request,,EP63
609,,14,,,,,,,1,2019-05-01 11:10:11,,request,,EP64
610,,14,,,,,,,1,2019-05-01 11:10:11,,request,,EP65
611,,14,,,,,,,1,2019-05-01 11:10:11,,request,,EP66
612,,14,,,,,,,1,2019-05-01 11:10:11,,request,,EP67
613,,14,,,,,,,1,2019-05-01 11:10:11,,request,,EP68
614,,14,,,,,,,1,2019-05-01 11:10:11,,request,,EP69
615,,13,,,,,,,1,2019-05-01 11:10:11,,request,,EP43
616,,13,,,,,,,2,2019-05-01 11:10:11,,request,,EP44
617,,13,,,,,,,3,2019-05-01 11:10:11,,request,,EP45
618,,13,,,,,,,4,2019-05-01 11:10:11,,request,,EP46
619,,13,,,,,,,5,2019-05-01 11:10:11,,request,,EP47
620,,13,,,,,,,6,2019-05-01 11:10:11,,request,,EP48
621,,13,,,,,,,7,2019-05-01 11:10:11,,request,,EP49
622,,13,,,,,,,8,2019-05-01 11:10:11,,request,,EP50
623,,13,,,,,,,9,2019-05-01 11:10:11,,request,,EP51
624,,13,,,,,,,10,2019-05-01 11:10:11,,request,,EP52
625,,13,,,,,,,11,2019-05-01 11:10:11,,request,,EP53
626,,13,,,,,,,12,2019-05-01 11:10:11,,request,,EP54
627,,13,,,,,,,13,2019-05-01 11:10:11,,request,,EP55
628,,14,,,,,,,14,2019-05-01 11:10:11,,request,,EP56
629,,14,,,,,,,15,2019-05-01 11:10:11,,request,,EP57
630,,14,,,,,,,16,2019-05-01 11:10:11,,request,,EP58
631,,14,,,,,,,17,2019-05-01 11:10:11,,request,,EP59
632,,14,,,,,,,18,2019-05-01 11:10:11,,request,,EP60
633,,14,,,,,,,19,2019-05-01 11:10:11,,request,,EP61
634,,14,,,,,,,20,2019-05-01 11:10:11,,request,,EP62
635,,14,,,,,,,21,2019-05-01 11:10:11,,request,,EP63
636,,14,,,,,,,22,2019-05-01 11:10:11,,request,,EP64
637,,14,,,,,,,23,2019-05-01 11:10:11,,request,,EP65
638,,14,,,,,,,24,2019-05-01 11:10:11,,request,,EP66
639,,14,,,,,,,25,2019-05-01 11:10:11,,request,,EP67
640,,14,,,,,,,26,2019-05-01 11:10:11,,request,,EP68
641,,14,,,,,,,27,2019-05-01 11:10:11,,request,,EP69